endpoint,range,features,delta_mean,delta_max,L_abs_mean,L_abs_max
MG,0-0,2079,0.0,0.0,307.2234848484849,875.0
MG,1-10,169,4.320266272189349,40.5,439.146449704142,1053.75
MG,11-100,446,25.9722533632287,217.5,575.5395179372198,2432.375
MG,101-1000,695,77.39928057553956,688.5,836.5570143884892,3151.25
MG,1001-10000,1309,192.8613445378151,956.625,1212.032372039725,3761.75
MG,10001-1000000000000,2142,194.76207983193277,926.75,1272.4806255835667,4096.0
EG,0-0,2079,0.0,0.0,307.2330447330447,875.0
EG,1-10,169,5.888313609467455,53.375,441.88757396449705,1078.625
EG,11-100,446,33.90667040358744,222.75,576.724495515695,2474.25
EG,101-1000,695,228.43579136690647,955.625,1008.1129496402878,3170.375
EG,1001-10000,1309,451.9715431627196,1110.875,1601.2011077158136,4096.0
EG,10001-1000000000000,2142,439.702906162465,1099.125,1762.6320611577964,4096.0
