endpoint,rank,canonical,label,count,Pc,L,abs_delta,mean_phi,phi_ssd
MG,1,4889,"敵獅子(成/非成,s20) r10 f5/6",4574,-2449.0,-3405.625,956.625,0.5294660642277609,284.71727131883335
MG,2,4834,"敵獅子(成/非成,s20) r1 f4/7",17774,-3169.25,-4096.0,926.75,0.28987972444144383,269.8320564578303
MG,3,4832,"敵獅子(成/非成,s20) r1 f2/9",46897,-3070.125,-3992.0,921.875,0.35670109199119576,834.9580888666724
MG,4,1488,"自獅子(成/非成,s20) r8 f0/11",12104,2539.75,3453.5,913.75,0.42270874641991624,418.291208987132
MG,5,1451,"自獅子(成/非成,s20) r1 f5/6",5713,2484.375,3385.125,900.75,0.5553143901822354,396.6710257523994
MG,6,4842,"敵獅子(成/非成,s20) r3 f0/11",12797,-2593.625,-3490.375,896.75,0.4283243468521267,452.8686770529757
MG,7,1501,"自獅子(成/非成,s20) r10 f1/10",34204,2882.5,3772.25,889.75,0.37421711560701154,642.5109188117458
MG,8,4893,"敵獅子(成/非成,s20) r11 f3/8",2663,-2451.0,-3338.75,887.75,0.6270663829432137,213.8944239069458
MG,9,1452,"自獅子(成/非成,s20) r2 f0/11",1962,2437.375,3323.5,886.125,0.5385944048023559,69.8221138042561
MG,10,4885,"敵獅子(成/非成,s20) r10 f1/10",5086,-2452.0,-3332.875,880.875,0.607312011185389,376.6306670210645
MG,11,4878,"敵獅子(成/非成,s20) r9 f0/11",1688,-2405.0,-3285.5,880.5,0.5394286466561349,60.13852056637978
MG,12,4836,"敵獅子(成/非成,s20) r2 f0/11",11042,-2543.375,-3421.5,878.125,0.42765400792932035,299.0428555392318
MG,13,4838,"敵獅子(成/非成,s20) r2 f2/9",37124,-3069.625,-3935.375,865.75,0.3487570185205137,725.7768408410411
MG,14,1495,"自獅子(成/非成,s20) r9 f1/10",42132,3179.375,4042.75,863.375,0.42652246379104813,833.8263238874197
MG,15,1494,"自獅子(成/非成,s20) r9 f0/11",10051,2491.125,3337.5,846.375,0.42326026155495866,264.22015744394935
MG,16,1447,"自獅子(成/非成,s20) r1 f1/10",5993,2485.0,3329.75,844.75,0.6310176687617035,467.183542734012
MG,17,4826,"敵獅子(成/非成,s20) r0 f2/9",19825,-2702.375,-3545.625,843.25,0.42404819952360934,438.3297020908258
MG,18,4835,"敵獅子(成/非成,s20) r1 f5/6",23294,-3254.0,-4096.0,842.0,0.2502466061837574,297.80025005114453
MG,19,1443,"自獅子(成/非成,s20) r0 f3/8",3363,2477.25,3314.25,837.0,0.6537615224501933,276.76090439532595
MG,20,4847,"敵獅子(成/非成,s20) r3 f5/6",111618,-2783.875,-3618.75,834.875,0.3393259948116692,4817.273797544489
MG,21,4831,"敵獅子(成/非成,s20) r1 f1/10",44663,-3119.75,-3952.25,832.5,0.3791229130749539,882.4427675074485
MG,22,1502,"自獅子(成/非成,s20) r10 f2/9",41232,2923.375,3752.25,828.875,0.34856772517569956,698.917391523184
MG,23,1442,"自獅子(成/非成,s20) r0 f2/9",1772,2367.75,3194.25,826.5,0.5268372209681464,108.69682746704586
MG,24,4846,"敵獅子(成/非成,s20) r3 f4/7",97305,-2804.75,-3630.625,825.875,0.3194268879639621,2959.665348094095
MG,25,1441,"自獅子(成/非成,s20) r0 f1/10",1022,2213.625,3023.0,809.375,0.5268754076973255,56.108982629073864
MG,26,1508,"自獅子(成/非成,s20) r11 f2/9",16384,2634.875,3430.0,795.125,0.4125956217447917,333.5188316740814
MG,27,4829,"敵獅子(成/非成,s20) r0 f5/6",8487,-2925.0,-3718.125,793.125,0.31347551156670983,105.13502349999385
MG,28,4888,"敵獅子(成/非成,s20) r10 f4/7",6214,-2574.5,-3363.0,788.5,0.6612899188212997,572.1434433000741
MG,29,4892,"敵獅子(成/非成,s20) r11 f2/9",1462,-2342.375,-3130.5,788.125,0.5126918984648122,87.40005032848626
MG,30,1445,"自獅子(成/非成,s20) r0 f5/6",1199,2346.625,3131.5,784.875,0.5166991011027708,84.19009133125343
MG,31,4894,"敵獅子(成/非成,s20) r11 f4/7",3770,-2535.625,-3317.125,781.5,0.7776186265841438,306.1386699413829
MG,32,1505,"自獅子(成/非成,s20) r10 f5/6",18859,2793.625,3572.375,778.75,0.23732906776016163,229.33593624945138
MG,33,4828,"敵獅子(成/非成,s20) r0 f4/7",10247,-2916.625,-3680.125,763.5,0.33405332726109543,136.68505841516935
MG,34,1450,"自獅子(成/非成,s20) r1 f4/7",7553,2594.875,3352.5,757.625,0.6829118672492165,694.7564669749422
MG,35,1493,"自獅子(成/非成,s20) r8 f5/6",96539,2723.375,3480.375,757.0,0.3199845543136856,3919.8153794378923
MG,36,1499,"自獅子(成/非成,s20) r9 f5/6",9974,3005.875,3761.75,755.875,0.25824365572711266,148.45027472663526
MG,37,4827,"敵獅子(成/非成,s20) r0 f3/8",17655,-2765.75,-3520.75,755.0,0.3307171402498505,288.3585436644048
MG,38,1444,"自獅子(成/非成,s20) r0 f4/7",5078,2561.375,3310.5,749.125,0.7947157673624787,392.4682064242256
MG,39,1507,"自獅子(成/非成,s20) r11 f1/10",14852,2763.5,3508.625,745.125,0.43163659215369427,305.1621803938774
MG,40,4879,"敵獅子(成/非成,s20) r9 f1/10",12182,-2599.125,-3342.25,743.125,0.611130265054087,587.3075263949459
MG,41,1496,"自獅子(成/非成,s20) r9 f2/9",33223,2894.5,3633.625,739.125,0.34059236071396315,587.8055374028781
MG,42,4824,"敵獅子(成/非成,s20) r0 f0/11",13509,-2149.25,-2886.625,737.375,0.4402201001801267,340.73819001324364
MG,43,1453,"自獅子(成/非成,s20) r2 f1/10",13264,2608.0,3340.75,732.75,0.6125996850288165,646.3680163423878
MG,44,1506,"自獅子(成/非成,s20) r11 f0/11",12844,2181.0,2911.625,730.625,0.43171995570780997,305.50274006982136
MG,45,1492,"自獅子(成/非成,s20) r8 f4/7",85636,2750.75,3480.75,730.0,0.3062249261733124,2487.975580805981
MG,46,4837,"敵獅子(成/非成,s20) r2 f1/10",51148,-3368.625,-4096.0,727.375,0.4335321029170251,1088.9590902870113
MG,47,4171,"敵奔王(成/非成,s10) r11 f1/10",2160,-1596.5,-2317.125,720.625,0.454783950617284,61.52019547325091
MG,48,4840,"敵獅子(成/非成,s20) r2 f4/7",31720,-3377.25,-4096.0,718.75,0.2718561720610901,507.19599666448767
MG,49,4173,"敵奔王(成/非成,s10) r11 f3/8",1540,-1575.75,-2293.125,717.375,0.5078427128427129,60.82811696328355
MG,50,721,"自奔王(成/非成,s10) r0 f1/10",2165,1575.25,2290.125,714.875,0.4551963048498846,60.31527613833981
EG,1,4116,"敵奔王(成/非成,s10) r2 f0/11",3760,-2104.5,-3215.375,1110.875,0.34946808510638294,123.56708431836091
EG,2,5377,"敵角鷹(成/非成,s27) r8 f1/10",3571,-1830.5,-2935.375,1104.875,0.3293164068577118,143.08003374232072
EG,3,5340,"敵角鷹(成/非成,s27) r2 f0/11",11288,-2221.375,-3320.5,1099.125,0.2839593668792818,306.03434146170775
EG,4,4110,"敵奔王(成/非成,s10) r1 f0/11",5008,-2106.125,-3203.25,1097.125,0.32287451189208377,151.15860992781916
EG,5,774,"自奔王(成/非成,s10) r9 f0/11",3510,2066.375,3156.0,1089.625,0.3492339347894903,114.21071791354524
EG,6,1963,"自角鷹(成/非成,s27) r3 f1/10",3540,1784.0,2865.25,1081.25,0.32648462021343383,141.109512310804
EG,7,781,"自奔王(成/非成,s10) r10 f1/10",12362,2309.125,3388.75,1079.625,0.31071203868485864,345.60642630442544
EG,8,6072,"敵龍馬(未成,s37) r4 f0/11",6401,-1435.375,-2510.25,1074.875,0.5933413181968096,348.4021181104026
EG,9,780,"自奔王(成/非成,s10) r10 f0/11",4684,2089.0,3159.125,1070.125,0.32592750735363885,144.52458160694147
EG,10,1511,"自獅子(成/非成,s20) r11 f5/6",5925,2783.375,3849.625,1066.25,0.3058827941865916,69.36124823670389
EG,11,4111,"敵奔王(成/非成,s10) r1 f1/10",13515,-2376.875,-3442.125,1065.25,0.3160052616434414,381.3618346875678
EG,12,4113,"敵奔王(成/非成,s10) r1 f3/8",13296,-2338.5,-3394.0,1055.5,0.26829037972991043,273.97148904896665
EG,13,4119,"敵奔王(成/非成,s10) r2 f3/8",12688,-2343.5,-3395.125,1051.625,0.34755937368642276,337.5402244076265
EG,14,4117,"敵奔王(成/非成,s10) r2 f1/10",15711,-2262.5,-3314.0,1051.5,0.4115071535159372,429.8795110447895
EG,15,785,"自奔王(成/非成,s10) r10 f5/6",12987,2333.75,3384.5,1050.75,0.2564538897872231,191.15519844630978
EG,16,1998,"自角鷹(成/非成,s27) r9 f0/11",10991,2192.25,3241.0,1048.75,0.2850321980610398,296.01022286472346
EG,17,783,"自奔王(成/非成,s10) r10 f3/8",12277,2351.125,3394.625,1043.5,0.26432624691156903,253.8779371242224
EG,18,784,"自奔王(成/非成,s10) r10 f4/7",13263,2397.375,3436.125,1038.75,0.27827456499702596,280.5538872180382
EG,19,775,"自奔王(成/非成,s10) r9 f1/10",15437,2254.25,3291.25,1037.0,0.41061158975909245,407.9630617155999
EG,20,5430,"敵飛鷲(成/非成,s28) r5 f0/11",5944,-2083.375,-3119.75,1036.375,0.3610924181247197,224.41826952793917
EG,21,1499,"自獅子(成/非成,s20) r9 f5/6",9974,2944.25,3980.0,1035.75,0.25824365572711266,148.45027472663526
EG,22,777,"自奔王(成/非成,s10) r9 f3/8",11372,2320.5,3355.5,1035.0,0.3406749521241255,296.0105131946343
EG,23,4829,"敵獅子(成/非成,s20) r0 f5/6",8487,-3067.75,-4096.0,1028.25,0.31347551156670983,105.13502349999385
EG,24,4115,"敵奔王(成/非成,s10) r1 f5/6",14248,-2342.875,-3370.5,1027.625,0.2615743340195895,210.69669581522385
EG,25,4114,"敵奔王(成/非成,s10) r1 f4/7",14474,-2388.125,-3412.625,1024.5,0.28485099719036433,313.7820323543108
EG,26,5371,"敵角鷹(成/非成,s27) r7 f1/10",8915,-2036.375,-3059.875,1023.5,0.3820639371845205,305.96893713605186
EG,27,779,"自奔王(成/非成,s10) r9 f5/6",10719,2415.375,3438.25,1022.875,0.29017943216096026,247.3311598304157
EG,28,2052,"自飛鷲(成/非成,s28) r6 f0/11",5667,2049.125,3071.5,1022.375,0.3596651177381723,215.915403974058
EG,29,5412,"敵飛鷲(成/非成,s28) r2 f0/11",8900,-2267.625,-3289.375,1021.75,0.3117440699126093,269.7721133444303
EG,30,4882,"敵獅子(成/非成,s20) r9 f4/7",86121,-2724.625,-3736.625,1012.0,0.6994798016743882,5218.875707460706
EG,31,2079,"自飛鷲(成/非成,s28) r10 f3/8",16571,2464.75,3474.0,1009.25,0.2381362353240936,320.4257670584717
EG,32,2070,"自飛鷲(成/非成,s28) r9 f0/11",8414,2220.0,3228.5,1008.5,0.31123128119800325,253.73506367987534
EG,33,1456,"自獅子(成/非成,s20) r2 f4/7",94460,2740.75,3749.0,1008.25,0.7009430211494576,5708.271923697539
EG,34,5400,"敵飛鷲(成/非成,s28) r0 f0/11",15819,-2363.375,-3369.25,1005.875,0.3283807797936377,394.0407603764502
EG,35,4152,"敵奔王(成/非成,s10) r8 f0/11",28172,-2064.5,-3069.25,1004.75,0.7815604934765803,1199.0715799550635
EG,36,5409,"敵飛鷲(成/非成,s28) r1 f3/8",18002,-2465.875,-3467.875,1002.0,0.2435105975879223,348.79059729303094
EG,37,4122,"敵奔王(成/非成,s10) r3 f0/11",8498,-2313.875,-3310.0,996.125,0.32548181271410265,288.89847477547346
EG,38,4112,"敵奔王(成/非成,s10) r1 f2/9",16000,-2339.75,-3335.625,995.875,0.3206722222222222,449.4773624691361
EG,39,4121,"敵奔王(成/非成,s10) r2 f5/6",12236,-2486.875,-3480.875,994.0,0.301627256547165,287.9303155634659
EG,40,2082,"自飛鷲(成/非成,s28) r11 f0/11",14654,2257.25,3250.5,993.25,0.32666014588356607,363.79941172258236
EG,41,4833,"敵獅子(成/非成,s20) r1 f3/8",21265,-3016.25,-4007.125,990.875,0.31936463150194633,378.84845250266335
EG,42,1970,"自角鷹(成/非成,s27) r4 f2/9",15885,2125.75,3116.125,990.375,0.38186339313818074,593.1162015877999
EG,43,5374,"敵角鷹(成/非成,s27) r7 f4/7",11041,-1968.625,-2958.875,990.25,0.4492588231742294,490.9838421103832
EG,44,1969,"自角鷹(成/非成,s27) r4 f1/10",8824,2061.5,3050.0,988.5,0.3806865115341998,300.0631202780289
EG,45,5230,"敵奔猪(成/非成,s25) r7 f4/7",3667,-1536.25,-2524.25,988.0,0.09372784292337058,15.457962609459777
EG,46,5372,"敵角鷹(成/非成,s27) r7 f2/9",16278,-2138.5,-3123.125,984.625,0.38126510218290544,603.2359868352191
EG,47,782,"自奔王(成/非成,s10) r10 f2/9",14999,2355.125,3339.0,983.875,0.3189953404301027,424.06925102002765
EG,48,738,"自奔王(成/非成,s10) r3 f0/11",28272,2070.875,3054.25,983.375,0.7801880934414887,1193.1178491436076
EG,49,2085,"自飛鷲(成/非成,s28) r11 f3/8",28280,2360.0,3343.0,983.0,0.28641639163916394,511.61242613983586
EG,50,5334,"敵角鷹(成/非成,s27) r1 f0/11",13003,-2175.75,-3157.0,981.25,0.335244003520555,321.6717897199419
