precheck1	seed=1	variance=14.123013564599	tolerance=1.006823332435	pooled_n=300000	pooled_variance=13.804505565419	empirical_variance=13.2802
precheck2	mean_signed_movement=0.169976215071	expected=0.171
precheck3	scenario=Q5	paired_sd=0.509429539081
precheck3	scenario=Q20	paired_sd=1.610686454815
precheck3	scenario=Q80	paired_sd=5.365488243716
precheck3	scenario=M5	paired_sd=1.447168237907
precheck3	scenario=M20	paired_sd=1.055791069009
precheck3	scenario=M80	paired_sd=1.478301388106
precheck3	scenario=A20	paired_sd=1.119361438037
precheck3	scenario=B20	paired_sd=0.218777996546
precheck3	s_max=5.365488243716	S=1843
precheck3	S=1843 exceeds 1000; runtime scales linearly with S
candidate	scenario	budget_pairs	estimator	mean_loss	start_loss	mean_diff_vs_current	se_diff	clip_fraction
C0	Q5	3000	final	17.263109408080	17.600000000000	1.020638674195	0.013471070031	0.000000000000
C0	Q5	3000	average	17.319572966417	17.600000000000	1.077102232531	0.014261484563	0.000000000000
C0	Q5	6000	final	16.916086736146	17.600000000000	0.673616002261	0.009936057188	0.000000000000
C0	Q5	6000	average	17.028274869190	17.600000000000	0.785804135305	0.011153689742	0.000000000000
C0	Q5	12000	final	16.242470733885	17.600000000000	0.000000000000	0.000000000000	0.000000000000
C0	Q5	12000	average	16.458053131479	17.600000000000	0.215582397594	0.005105509447	0.000000000000
C0	Q20	3000	final	64.407723564600	70.400000000000	15.240519853409	0.045416346689	0.000000000000
C0	Q20	3000	average	65.361979560030	70.400000000000	16.194775848839	0.047931834205	0.000000000000
C0	Q20	6000	final	58.857826628561	70.400000000000	9.690622917370	0.033786721074	0.000000000000
C0	Q20	6000	average	60.617689718120	70.400000000000	11.450486006929	0.037873952963	0.000000000000
C0	Q20	12000	final	49.167203711191	70.400000000000	0.000000000000	0.000000000000	0.000000000000
C0	Q20	12000	average	52.154049788402	70.400000000000	2.986846077211	0.017763610038	0.000000000000
C0	Q80	3000	final	197.171651986412	281.600000000000	130.175033058589	0.133681564474	0.000000000000
C0	Q80	3000	average	209.178624313768	281.600000000000	142.182005385945	0.137956302415	0.000000000000
C0	Q80	6000	final	137.572589188889	281.600000000000	70.575970261066	0.104339247193	0.000000000000
C0	Q80	6000	average	155.069779498987	281.600000000000	88.073160571164	0.118162434522	0.000000000000
C0	Q80	12000	final	66.996618927823	281.600000000000	0.000000000000	0.000000000000	0.000000000000
C0	Q80	12000	average	85.285624065360	281.600000000000	18.289005137536	0.050077138623	0.000000000000
C0	M5	3000	final	73.036077236686	74.814503805451	4.810767442481	0.028501846777	0.090909090909
C0	M5	3000	average	73.313677212786	74.814503805451	5.088367418581	0.030051175394	0.090909090909
C0	M5	6000	final	71.364449773564	74.814503805451	3.139139979359	0.020749850199	0.090863677469
C0	M5	6000	average	71.900552988008	74.814503805451	3.675243193803	0.023539388963	0.090863677469
C0	M5	12000	final	68.225309794205	74.814503805451	0.000000000000	0.000000000000	0.089554218254
C0	M5	12000	average	69.226329769541	74.814503805451	1.001019975336	0.010661339080	0.089554218254
C0	M20	3000	final	65.494072034783	71.804447220327	15.493735028322	0.045965736614	0.090909090909
C0	M20	3000	average	66.481799497462	71.804447220327	16.481462491001	0.048397994736	0.090909090909
C0	M20	6000	final	59.809394492086	71.804447220327	9.809057485625	0.034376378796	0.090875515875
C0	M20	6000	average	61.597575377101	71.804447220327	11.597238370640	0.038232757660	0.090875515875
C0	M20	12000	final	50.000337006461	71.804447220327	0.000000000000	0.000000000000	0.089939952975
C0	M20	12000	average	53.023431463257	71.804447220327	3.023094456796	0.018182325065	0.089939952975
C0	M80	3000	final	13.627786981423	18.880611164635	7.775931809746	0.029806768057	0.090909090909
C0	M80	3000	average	14.354061889898	18.880611164635	8.502206718221	0.030485606023	0.090909090909
C0	M80	6000	final	10.033742371193	18.880611164635	4.181887199516	0.024371801125	0.090906164192
C0	M80	6000	average	11.047499065160	18.880611164635	5.195643893483	0.026673713130	0.090906164192
C0	M80	12000	final	5.851855171677	18.880611164635	0.000000000000	0.000000000000	0.090803022082
C0	M80	12000	average	6.873075996664	18.880611164635	1.021220824988	0.012436890045	0.090803022082
C0	A20	3000	final	64.332507761707	70.400000000000	15.284179647107	0.044597476783	0.000000000000
C0	A20	3000	average	65.283181330176	70.400000000000	16.234853215575	0.047071078701	0.000000000000
C0	A20	6000	final	58.753644234972	70.400000000000	9.705316120372	0.033290285956	0.000000000000
C0	A20	6000	average	60.519577334838	70.400000000000	11.471249220238	0.036947363654	0.000000000000
C0	A20	12000	final	49.048328114600	70.400000000000	0.000000000000	0.000000000000	0.000000000000
C0	A20	12000	average	52.042146897536	70.400000000000	2.993818782936	0.017750538129	0.000000000000
C0	B20	3000	final	0.186243827505	0.000000000000	-0.458553764423	0.004309834660	1.000000000000
C0	B20	3000	average	0.155568615720	0.000000000000	-0.489228976208	0.004449736323	1.000000000000
C0	B20	6000	final	0.355459407887	0.000000000000	-0.289338184041	0.003453606295	0.999853368191
C0	B20	6000	average	0.300163545976	0.000000000000	-0.344634045952	0.003781118384	0.999853368191
C0	B20	12000	final	0.644797591928	0.000000000000	0.000000000000	0.000000000000	0.996641066114
C0	B20	12000	average	0.551979854407	0.000000000000	-0.092817737521	0.001961314248	0.996641066114
C1	Q5	3000	final	16.757474883125	17.600000000000	0.515004149240	0.013086013093	0.000000000000
C1	Q5	3000	average	16.959573844178	17.600000000000	0.717103110292	0.013728954693	0.000000000000
C1	Q5	6000	final	15.944201951601	17.600000000000	-0.298268782285	0.010488198438	0.000000000000
C1	Q5	6000	average	16.328510039629	17.600000000000	0.086039305744	0.010735186238	0.000000000000
C1	Q5	12000	final	14.440441764080	17.600000000000	-1.802028969805	0.007124803085	0.000000000000
C1	Q5	12000	average	15.143054417755	17.600000000000	-1.099416316130	0.005794760603	0.000000000000
C1	Q20	3000	final	56.936000663266	70.400000000000	7.768796952076	0.046408423659	0.000000000000
C1	Q20	3000	average	60.017286570334	70.400000000000	10.850082859143	0.047234057653	0.000000000000
C1	Q20	6000	final	46.028982099620	70.400000000000	-3.138221611571	0.037752139413	0.000000000000
C1	Q20	6000	average	51.151389699051	70.400000000000	1.984185987860	0.038254162931	0.000000000000
C1	Q20	12000	final	30.225840352469	70.400000000000	-18.941363358722	0.024239270142	0.000000000000
C1	Q20	12000	average	37.285640677581	70.400000000000	-11.881563033610	0.022994180029	0.000000000000
C1	Q80	3000	final	125.921352716223	281.600000000000	58.924733788400	0.157183618981	0.000000000000
C1	Q80	3000	average	154.519011851702	281.600000000000	87.522392923878	0.155912889730	0.000000000000
C1	Q80	6000	final	54.965379917092	281.600000000000	-12.031239010732	0.094231980445	0.000000000000
C1	Q80	6000	average	83.930568344806	281.600000000000	16.933949416983	0.107884682633	0.000000000000
C1	Q80	12000	final	11.092630655236	281.600000000000	-55.903988272588	0.095113408958	0.000000000000
C1	Q80	12000	average	25.102573886689	281.600000000000	-41.894045041134	0.072767279825	0.000000000000
C1	M5	3000	final	70.813173377484	74.814503805451	2.587863583279	0.028040957665	0.091380390996
C1	M5	3000	average	71.768636941398	74.814503805451	3.543327147193	0.029200973064	0.091380390996
C1	M5	6000	final	67.116542649442	74.814503805451	-1.108767144763	0.022293599436	0.092779657673
C1	M5	6000	average	68.924554156513	74.814503805451	0.699244362308	0.023010499954	0.092779657673
C1	M5	12000	final	60.428361946851	74.814503805451	-7.796947847354	0.016501029318	0.095182163469
C1	M5	12000	average	63.671291379904	74.814503805451	-4.554018414301	0.012924546871	0.095182163469
C1	M20	3000	final	57.914728371442	71.804447220327	7.914391364981	0.046811296023	0.091441293017
C1	M20	3000	average	61.069798385653	71.804447220327	11.069461379192	0.047800839722	0.091441293017
C1	M20	6000	final	46.842328696786	71.804447220327	-3.158008309676	0.038583521278	0.092743945149
C1	M20	6000	average	52.034231240155	71.804447220327	2.033894233694	0.038409192140	0.092743945149
C1	M20	12000	final	30.868309918501	71.804447220327	-19.132027087960	0.025029911895	0.094778227199
C1	M20	12000	average	38.029828734227	71.804447220327	-11.970508272234	0.022950145516	0.094778227199
C1	M80	3000	final	8.809246535626	18.880611164635	2.957391363949	0.028871453480	0.091168746609
C1	M80	3000	average	10.480948806901	18.880611164635	4.629093635224	0.028918163015	0.091168746609
C1	M80	6000	final	4.627225374623	18.880611164635	-1.224629797054	0.021951536753	0.091779049310
C1	M80	6000	average	6.108081696574	18.880611164635	0.256226524898	0.022410468729	0.091779049310
C1	M80	12000	final	2.177216029306	18.880611164635	-3.674639142370	0.021212934601	0.092464591657
C1	M80	12000	average	2.596648774063	18.880611164635	-3.255206397614	0.016777192236	0.092464591657
C1	A20	3000	final	56.868815293326	70.400000000000	7.820487178726	0.045809105999	0.000000000000
C1	A20	3000	average	59.939280984188	70.400000000000	10.890952869587	0.046705562940	0.000000000000
C1	A20	6000	final	45.956823398372	70.400000000000	-3.091504716228	0.037963828476	0.000000000000
C1	A20	6000	average	51.083681458463	70.400000000000	2.035353343863	0.037164175230	0.000000000000
C1	A20	12000	final	30.157983194357	70.400000000000	-18.890344920243	0.024952104373	0.000000000000
C1	A20	12000	average	37.201659058859	70.400000000000	-11.846669055742	0.023726657148	0.000000000000
C1	B20	3000	final	0.266345556593	0.000000000000	-0.378452035335	0.004231686368	1.000000000000
C1	B20	3000	average	0.184669824089	0.000000000000	-0.460127767839	0.004374702115	1.000000000000
C1	B20	6000	final	0.461571632339	0.000000000000	-0.183225959589	0.003600472193	1.000000000000
C1	B20	6000	average	0.326855906325	0.000000000000	-0.317941685603	0.003678451995	1.000000000000
C1	B20	12000	final	0.734467175692	0.000000000000	0.089669583764	0.002885773679	0.999995050889
C1	B20	12000	average	0.532003794030	0.000000000000	-0.112793797898	0.002115694827	0.999995050889
C2	Q5	3000	final	15.365132108278	17.600000000000	-0.877338625608	0.015023250588	0.000000000000
C2	Q5	3000	average	15.878640108332	17.600000000000	-0.363830625554	0.014477951439	0.000000000000
C2	Q5	6000	final	13.412850022307	17.600000000000	-2.829620711579	0.014408178612	0.000000000000
C2	Q5	6000	average	14.310458320807	17.600000000000	-1.932012413078	0.012715653691	0.000000000000
C2	Q5	12000	final	10.297870322542	17.600000000000	-5.944600411344	0.013163356427	0.000006593334
C2	Q5	12000	average	11.671153509003	17.600000000000	-4.571317224882	0.010366533864	0.000006593334
C2	Q20	3000	final	39.438789461627	70.400000000000	-9.728414249564	0.056929502092	0.000000000000
C2	Q20	3000	average	45.525109418953	70.400000000000	-3.642094292238	0.055987242715	0.000000000000
C2	Q20	6000	final	22.285614797130	70.400000000000	-26.881588914060	0.043851292092	0.000000000000
C2	Q20	6000	average	29.584820837254	70.400000000000	-19.582382873937	0.044613197838	0.000000000000
C2	Q20	12000	final	7.767939933683	70.400000000000	-41.399263777508	0.038891936869	0.000000000000
C2	Q20	12000	average	12.931386348814	70.400000000000	-36.235817362376	0.032277646842	0.000000000000
C2	Q80	3000	final	35.104758454211	281.600000000000	-31.891860473612	0.125034241306	0.000000000000
C2	Q80	3000	average	61.006153501358	281.600000000000	-5.990465426465	0.153420783977	0.000000000000
C2	Q80	6000	final	4.916626852354	281.600000000000	-62.079992075469	0.115426106887	0.000000000000
C2	Q80	6000	average	12.642943106599	281.600000000000	-54.353675821225	0.099358059442	0.000000000000
C2	Q80	12000	final	1.729701264846	281.600000000000	-65.266917662978	0.131405092198	0.000000000000
C2	Q80	12000	average	1.325477597179	281.600000000000	-65.671141330645	0.127036831189	0.000000000000
C2	M5	3000	final	64.472513454386	74.814503805451	-3.752796339819	0.033632692129	0.136396783900
C2	M5	3000	average	66.870897342345	74.814503805451	-1.354412451860	0.032110540741	0.136396783900
C2	M5	6000	final	55.695450251691	74.814503805451	-12.529859542514	0.033191007064	0.136934379059
C2	M5	6000	average	59.894790091304	74.814503805451	-8.330519702901	0.029469861003	0.136934379059
C2	M5	12000	final	41.796645219389	74.814503805451	-26.428664574816	0.030644222285	0.142997155494
C2	M5	12000	average	48.238824350801	74.814503805451	-19.986485443404	0.025282111235	0.142997155494
C2	M20	3000	final	40.109387310782	71.804447220327	-9.890949695679	0.055915119394	0.136494582285
C2	M20	3000	average	46.305017287655	71.804447220327	-3.695319718806	0.055418407263	0.136494582285
C2	M20	6000	final	22.774456005296	71.804447220327	-27.225881001165	0.044190420524	0.137632713461
C2	M20	6000	average	30.145365500547	71.804447220327	-19.854971505914	0.043915560672	0.137632713461
C2	M20	12000	final	8.178697302769	71.804447220327	-41.821639703692	0.039972168659	0.151557210740
C2	M20	12000	average	13.391493853814	71.804447220327	-36.608843152647	0.032770134146	0.151557210740
C2	M80	3000	final	3.469827509705	18.880611164635	-2.382027661972	0.027847842816	0.136384945494
C2	M80	3000	average	4.497623700497	18.880611164635	-1.354231471180	0.028010391408	0.136384945494
C2	M80	6000	final	2.180517913068	18.880611164635	-3.671337258609	0.029293736609	0.136398362354
C2	M80	6000	average	1.977874563053	18.880611164635	-3.873980608624	0.025582194990	0.136398362354
C2	M80	12000	final	2.330759896719	18.880611164635	-3.521095274957	0.033502784594	0.136408737401
C2	M80	12000	average	1.402387278946	18.880611164635	-4.449467892730	0.028717940665	0.136408737401
C2	A20	3000	final	39.487390539579	70.400000000000	-9.560937575021	0.055673670632	0.000000000000
C2	A20	3000	average	45.476338506782	70.400000000000	-3.571989607819	0.054630575335	0.000000000000
C2	A20	6000	final	23.385728052089	70.400000000000	-25.662600062511	0.043795262320	0.000000000000
C2	A20	6000	average	30.138750370854	70.400000000000	-18.909577743746	0.043176727119	0.000000000000
C2	A20	12000	final	11.744817777778	70.400000000000	-37.303510336823	0.042532000700	0.000000000000
C2	A20	12000	average	15.736509152650	70.400000000000	-33.311818961951	0.034439341000	0.000000000000
C2	B20	3000	final	0.469971823717	0.000000000000	-0.174825768210	0.004728006444	1.000000000000
C2	B20	3000	average	0.336805844882	0.000000000000	-0.307991747046	0.004429523483	1.000000000000
C2	B20	6000	final	0.649358302285	0.000000000000	0.004560710357	0.004935387511	1.000000000000
C2	B20	6000	average	0.479610243162	0.000000000000	-0.165187348766	0.003979925652	1.000000000000
C2	B20	12000	final	0.778631665762	0.000000000000	0.133834073835	0.005393030967	1.000000000000
C2	B20	12000	average	0.576149366365	0.000000000000	-0.068648225563	0.003177200230	1.000000000000
C3	Q5	3000	final	17.252098813097	17.600000000000	1.009628079212	0.013572928195	0.000000000000
C3	Q5	3000	average	17.308879345592	17.600000000000	1.066408611707	0.014359138319	0.000000000000
C3	Q5	6000	final	16.894523557118	17.600000000000	0.652052823233	0.010172255311	0.000000000000
C3	Q5	6000	average	17.007049747073	17.600000000000	0.764579013187	0.011358730890	0.000000000000
C3	Q5	12000	final	16.201115314452	17.600000000000	-0.041355419434	0.002314316740	0.000000000000
C3	Q5	12000	average	16.417425774271	17.600000000000	0.174955040386	0.005611677998	0.000000000000
C3	Q20	3000	final	64.361846057760	70.400000000000	15.194642346570	0.045341945598	0.000000000000
C3	Q20	3000	average	65.316767029020	70.400000000000	16.149563317829	0.047877694166	0.000000000000
C3	Q20	6000	final	58.780716039232	70.400000000000	9.613512328041	0.033807202303	0.000000000000
C3	Q20	6000	average	60.539921288418	70.400000000000	11.372717577228	0.037706950554	0.000000000000
C3	Q20	12000	final	49.044225018113	70.400000000000	-0.122978693078	0.008614057405	0.000000000000
C3	Q20	12000	average	52.027851269646	70.400000000000	2.860647558456	0.019169844803	0.000000000000
C3	Q80	3000	final	197.650766486658	281.600000000000	130.654147558834	0.127769026153	0.000000000000
C3	Q80	3000	average	209.686298094739	281.600000000000	142.689679166915	0.131303289495	0.000000000000
C3	Q80	6000	final	138.154783655883	281.600000000000	71.158164728060	0.099303868904	0.000000000000
C3	Q80	6000	average	155.719983395900	281.600000000000	88.723364468076	0.111947928143	0.000000000000
C3	Q80	12000	final	67.474386033200	281.600000000000	0.477767105377	0.018017581211	0.000000000000
C3	Q80	12000	average	85.906363250559	281.600000000000	18.909744322736	0.049929845522	0.000000000000
C3	M5	3000	final	73.041532293693	74.814503805451	4.816222499488	0.028793412836	0.091030303030
C3	M5	3000	average	73.320002189579	74.814503805451	5.094692395374	0.030329975437	0.091030303030
C3	M5	6000	final	71.371720675634	74.814503805451	3.146410881429	0.021292642206	0.091066179977
C3	M5	6000	average	71.908849170565	74.814503805451	3.683539376360	0.024056828892	0.091066179977
C3	M5	12000	final	68.225050610026	74.814503805451	-0.000259184179	0.005105926576	0.090435291603
C3	M5	12000	average	69.227140394662	74.814503805451	1.001830600457	0.011711689298	0.090435291603
C3	M20	3000	final	65.475953807239	71.804447220327	15.475616800778	0.045814225587	0.091030303030
C3	M20	3000	average	66.465094222073	71.804447220327	16.464757215612	0.048234739191	0.091030303030
C3	M20	6000	final	59.764114794356	71.804447220327	9.763777787894	0.034386018954	0.091066508821
C3	M20	6000	average	61.552171269327	71.804447220327	11.551834262866	0.038179587886	0.091066508821
C3	M20	12000	final	49.921442570978	71.804447220327	-0.078894435483	0.008723270489	0.090652329042
C3	M20	12000	average	52.944292513147	71.804447220327	2.943955506686	0.019370072605	0.090652329042
C3	M80	3000	final	13.527500913807	18.880611164635	7.675645742130	0.028257436520	0.091030303030
C3	M80	3000	average	14.252415975770	18.880611164635	8.400560804094	0.028845779959	0.091030303030
C3	M80	6000	final	9.870432958688	18.880611164635	4.018577787012	0.022858563851	0.091073842056
C3	M80	6000	average	10.872109915967	18.880611164635	5.020254744290	0.024737686756	0.091073842056
C3	M80	12000	final	5.654403163545	18.880611164635	-0.197452008131	0.003775202454	0.091039428468
C3	M80	12000	average	6.638202662963	18.880611164635	0.786347491287	0.011730789437	0.091039428468
C3	A20	3000	final	64.295450962562	70.400000000000	15.247122847961	0.044586595938	0.000000000000
C3	A20	3000	average	65.246170330986	70.400000000000	16.197842216386	0.047041069104	0.000000000000
C3	A20	6000	final	58.698116983443	70.400000000000	9.649788868843	0.033300435519	0.000000000000
C3	A20	6000	average	60.464111489919	70.400000000000	11.415783375319	0.036817340740	0.000000000000
C3	A20	12000	final	48.944275790369	70.400000000000	-0.104052324232	0.008369789116	0.000000000000
C3	A20	12000	average	51.934931074928	70.400000000000	2.886602960327	0.018832232927	0.000000000000
C3	B20	3000	final	0.153343966002	0.000000000000	-0.491453625926	0.004355450232	1.000000000000
C3	B20	3000	average	0.123405758072	0.000000000000	-0.521391833856	0.004487441098	1.000000000000
C3	B20	6000	final	0.291834509893	0.000000000000	-0.352963082035	0.003565767298	0.999968463802
C3	B20	6000	average	0.236971674429	0.000000000000	-0.407825917499	0.003880733988	0.999968463802
C3	B20	12000	final	0.530212224904	0.000000000000	-0.114585367024	0.000987133028	0.998846725530
C3	B20	12000	average	0.435088711044	0.000000000000	-0.209708880884	0.002203183670	0.998846725530
C4	Q5	3000	final	16.378763498523	17.600000000000	0.136292764638	0.013498155005	0.000000000000
C4	Q5	3000	average	16.673458004248	17.600000000000	0.430987270363	0.014196705858	0.000000000000
C4	Q5	6000	final	15.228832822692	17.600000000000	-1.013637911193	0.010781592419	0.000000000000
C4	Q5	6000	average	15.781067467785	17.600000000000	-0.461403266100	0.011438071587	0.000000000000
C4	Q5	12000	final	13.175838817146	17.600000000000	-3.066631916739	0.006726856632	0.000000000000
C4	Q5	12000	average	14.147607463731	17.600000000000	-2.094863270155	0.007007559925	0.000000000000
C4	Q20	3000	final	52.376036059565	70.400000000000	3.208832348374	0.049438634404	0.000000000000
C4	Q20	3000	average	56.383879047462	70.400000000000	7.216675336271	0.050118633891	0.000000000000
C4	Q20	6000	final	38.918747841081	70.400000000000	-10.248455870110	0.042280527482	0.000000000000
C4	Q20	6000	average	45.153377899927	70.400000000000	-4.013825811264	0.043014976685	0.000000000000
C4	Q20	12000	final	21.573758531380	70.400000000000	-27.593445179811	0.034222158116	0.000000000000
C4	Q20	12000	average	29.073978206940	70.400000000000	-20.093225504251	0.033668412461	0.000000000000
C4	Q80	3000	final	101.108551699524	281.600000000000	34.111932771700	0.151590089470	0.000000000000
C4	Q80	3000	average	132.305498210333	281.600000000000	65.308879282509	0.155269478629	0.000000000000
C4	Q80	6000	final	33.055078729125	281.600000000000	-33.941540198698	0.095145070638	0.000000000000
C4	Q80	6000	average	59.132497621143	281.600000000000	-7.864121306680	0.104287492420	0.000000000000
C4	Q80	12000	final	3.801854541508	281.600000000000	-63.194764386315	0.117684847189	0.000000000000
C4	Q80	12000	average	11.568181383825	281.600000000000	-55.428437543999	0.100573460205	0.000000000000
C4	M5	3000	final	69.387923291124	74.814503805451	1.162613496919	0.029309510505	0.136363570595
C4	M5	3000	average	70.687648013271	74.814503805451	2.462338219066	0.030552328812	0.136363570595
C4	M5	6000	final	64.425905798691	74.814503805451	-3.799403995514	0.023963282624	0.136335684572
C4	M5	6000	average	66.851845205139	74.814503805451	-1.373464589066	0.025116022157	0.136335684572
C4	M5	12000	final	55.653759922487	74.814503805451	-12.571549871718	0.017489159028	0.136410858449
C4	M5	12000	average	59.886355414857	74.814503805451	-8.338954379348	0.016937693386	0.136410858449
C4	M20	3000	final	53.355030532277	71.804447220327	3.354693525816	0.049463578264	0.136370476331
C4	M20	3000	average	57.440509029296	71.804447220327	7.440172022835	0.050486317980	0.136370476331
C4	M20	6000	final	39.737745944880	71.804447220327	-10.262591061581	0.042001336666	0.136352488532
C4	M20	6000	average	46.043219308081	71.804447220327	-3.957117698380	0.042709691341	0.136352488532
C4	M20	12000	final	22.230963751015	71.804447220327	-27.769373255446	0.034839454661	0.136563475230
C4	M20	12000	average	29.815920632222	71.804447220327	-20.184416374239	0.033583787880	0.136563475230
C4	M80	3000	final	6.375859322790	18.880611164635	0.524004151114	0.026659979985	0.136363636364
C4	M80	3000	average	8.217010279861	18.880611164635	2.365155108185	0.027543517246	0.136363636364
C4	M80	6000	final	2.665583266597	18.880611164635	-3.186271905080	0.023468054884	0.136361301567
C4	M80	6000	average	3.894042981244	18.880611164635	-1.957812190433	0.022935967107	0.136361301567
C4	M80	12000	final	1.377753918858	18.880611164635	-4.474101252819	0.026750422660	0.136363521268
C4	M80	12000	average	1.436526268072	18.880611164635	-4.415328903605	0.023763763623	0.136363521268
C4	A20	3000	final	52.305111308856	70.400000000000	3.256783194256	0.049103797977	0.000000000000
C4	A20	3000	average	56.315366040102	70.400000000000	7.267037925501	0.049605952248	0.000000000000
C4	A20	6000	final	38.960007753060	70.400000000000	-10.088320361541	0.042730144815	0.000000000000
C4	A20	6000	average	45.130712839253	70.400000000000	-3.917615275348	0.042516842033	0.000000000000
C4	A20	12000	final	22.626691276301	70.400000000000	-26.421636838299	0.035812488724	0.000000000000
C4	A20	12000	average	29.555163282282	70.400000000000	-19.493164832318	0.034520074596	0.000000000000
C4	B20	3000	final	0.126398249231	0.000000000000	-0.518399342697	0.004429307051	1.000000000000
C4	B20	3000	average	0.089645476322	0.000000000000	-0.555152115606	0.004538912768	1.000000000000
C4	B20	6000	final	0.185568471695	0.000000000000	-0.459229120233	0.004045036756	1.000000000000
C4	B20	6000	average	0.134982945062	0.000000000000	-0.509814646866	0.004179857470	1.000000000000
C4	B20	12000	final	0.240736137939	0.000000000000	-0.404061453988	0.003671554204	1.000000000000
C4	B20	12000	average	0.176584135620	0.000000000000	-0.468213456308	0.003697030259	1.000000000000
calibration_scenario	coefficient	requested_signal	achieved_signal	optimum_clamped
M5	LmrDivisor	-0.210000000000	-0.069432447097	true
M5	LmrHistoryThreshold	-0.082000000000	-0.052538976307	true
M5	FutilityMargin1	0.000666666667	-0.002191354675	false
M5	FutilityMargin2	0.076666666667	0.069467896545	false
M5	FutilityMargin3	0.240666666667	0.119838668837	true
M5	SeeMargin1	-0.148666666667	-0.003959486345	true
M5	SeeMargin2	-0.086000000000	-0.083615120275	false
M5	SeeMargin3	0.084666666667	0.051084825466	false
M5	AspirationDelta	0.007333333333	0.005028757461	false
M5	AspirationGrowth	-0.076666666667	-0.053640079580	true
M5	NullMoveBase	0.574000000000	0.132947006692	true
M5	NullMoveSlope	0.108666666667	0.106145053355	false
M5	HistoryLimit	0.211333333333	0.158148670646	true
M5	CorrectionCap	-0.011333333333	-0.009743534093	false
M5	CorrectionWeight	0.088666666667	0.088803038524	false
M5	DeltaMargin	0.120666666667	0.117552541147	false
M5	ExpectedPlies	-0.139333333333	-0.089068547658	true
M5	MinMoves	-0.142000000000	-0.076768312534	true
M5	IncrementShare	0.188666666667	0.085010671007	true
M5	HardSoftRatio	0.004666666667	0.004031832158	false
M5	HardRemainingShare	0.034000000000	0.033485259541	false
M5	IterationRatio	-0.116666666667	-0.082619641888	true
M20	LmrDivisor	-0.210000000000	-0.191427021161	false
M20	LmrHistoryThreshold	-0.082000000000	-0.076173629951	false
M20	FutilityMargin1	0.000666666667	-0.001844094773	false
M20	FutilityMargin2	0.076666666667	0.063963103635	false
M20	FutilityMargin3	0.240666666667	0.211492132393	false
M20	SeeMargin1	-0.148666666667	-0.016512931814	true
M20	SeeMargin2	-0.086000000000	-0.076529571351	false
M20	SeeMargin3	0.084666666667	0.035490685477	false
M20	AspirationDelta	0.007333333333	0.005112678604	false
M20	AspirationGrowth	-0.076666666667	-0.068013745704	false
M20	NullMoveBase	0.574000000000	0.489933080123	true
M20	NullMoveSlope	0.108666666667	0.097370953156	false
M20	HistoryLimit	0.211333333333	0.188092602641	false
M20	CorrectionCap	-0.011333333333	-0.009247241816	false
M20	CorrectionWeight	0.088666666667	0.082061132212	false
M20	DeltaMargin	0.120666666667	0.109053355037	false
M20	ExpectedPlies	-0.139333333333	-0.125563393019	false
M20	MinMoves	-0.142000000000	-0.128415264967	false
M20	IncrementShare	0.188666666667	0.168637366612	false
M20	HardSoftRatio	0.004666666667	0.003410381624	false
M20	HardRemainingShare	0.034000000000	0.030936516549	false
M20	IterationRatio	-0.116666666667	-0.106874299150	false
M80	LmrDivisor	-0.210000000000	-0.141087719298	false
M80	LmrHistoryThreshold	-0.082000000000	-0.055286308555	false
M80	FutilityMargin1	0.000666666667	-0.002084644601	false
M80	FutilityMargin2	0.076666666667	0.046401519262	false
M80	FutilityMargin3	0.240666666667	0.155234943028	false
M80	SeeMargin1	-0.148666666667	-0.062781334780	true
M80	SeeMargin2	-0.086000000000	-0.056162416350	false
M80	SeeMargin3	0.084666666667	-0.017150660156	false
M80	AspirationDelta	0.007333333333	0.003598842467	false
M80	AspirationGrowth	-0.076666666667	-0.050254657262	false
M80	NullMoveBase	0.574000000000	0.379373846989	false
M80	NullMoveSlope	0.108666666667	0.071922951709	false
M80	HistoryLimit	0.211333333333	0.137671550009	false
M80	CorrectionCap	-0.011333333333	-0.006693796347	false
M80	CorrectionWeight	0.088666666667	0.060493036716	false
M80	DeltaMargin	0.120666666667	0.080895279436	false
M80	ExpectedPlies	-0.139333333333	-0.092431542774	false
M80	MinMoves	-0.142000000000	-0.094337854947	false
M80	IncrementShare	0.188666666667	0.124163139808	false
M80	HardSoftRatio	0.004666666667	0.002531018267	false
M80	HardRemainingShare	0.034000000000	0.022452884789	false
M80	IterationRatio	-0.116666666667	-0.078722734672	false
stage1_candidate	geometric_mean	eligible
C0	1.000000000000	true
C1	0.580494216711	true
C2	0.271869640344	true
C3	0.971460456501	false
C4	0.362331241757	true
selected_candidate	budget_pairs	estimator
C2	3000	final

