minase_location	corpus_location	license	match_kind	matched_text	match_length	corpus_occurrences	rarity	exclusion_reason	minase_record	corpus_record	false_positive_note
minase@a05478a,all-refs:src/core/position/validate.rs:70 [blob=b858904e2296]	kelseyde/hobbes-chess-engine@HEAD:src/board.rs:520 [blob=c2f7822b782a]	MIT	en5	square occupied by the side	5	1	1.0		1395	5129	
minase@a05478a,all-refs:src/protocol/engine.rs:93 [blob=86831a659a88]	fairy-stockfish/Fairy-Stockfish@HEAD:src/position.cpp:2695 [blob=6d59ef648c45]	GPL-3.0-or-later	en5	there is no previous move	5	1	1.0		1438	3674	
minase@a05478a,all-refs:src/protocol/usi.rs:1595 [blob=3c479ed4520a]	SH11235/rshogi@HEAD:crates/rshogi-core/src/nnue/effect_bucket_features.rs:176 [blob=ce5cb7aaa1db]	GPL-3.0-or-later	en5	piece must have a color	5	1	1.0		1472	7336	
minase@a05478a,all-refs:src/protocol/usi.rs:1551 [blob=3c479ed4520a]	SH11235/rshogi@HEAD:crates/rshogi-core/src/nnue/effect_bucket_features.rs:176 [blob=ce5cb7aaa1db]	GPL-3.0-or-later	en5	piece must have a color	5	1	1.0		1472	7336	
minase@a05478a,all-refs:src/core/position/placement.rs:34 [blob=2956056c3453]	SH11235/rshogi@HEAD:crates/rshogi-core/src/nnue/effect_bucket_features.rs:176 [blob=ce5cb7aaa1db]	GPL-3.0-or-later	en5	piece must have a color	5	1	1.0		1383	7336	
minase@a05478a,all-refs:src/notation/usi.rs:210 [blob=655959475393]	SH11235/rshogi@HEAD:crates/rshogi-core/src/nnue/effect_bucket_features.rs:176 [blob=ce5cb7aaa1db]	GPL-3.0-or-later	en5	piece must have a color	5	1	1.0		1340	7336	
minase@a05478a,all-refs:src/training/records.rs:734 [blob=c0b68bc96949]	SH11235/rshogi@HEAD:crates/rshogi-core/src/nnue/effect_bucket_features.rs:176 [blob=ce5cb7aaa1db]	GPL-3.0-or-later	en5	piece must have a color	5	1	1.0		696	7336	
minase@a05478a,all-refs:src/bin/match_runner/storage.rs:364 [blob=0f4f44d1d5cc]	cosmobobak/viridithas@HEAD:src/errors.rs:123 [blob=885cfd898e18]	AGPL-3.0-only	en5	number must be at least	5	1	1.0		985	3590	
minase@a05478a,all-refs:src/notation/sfen.rs:173 [blob=282e14d5ee1c]	gab8192/Obsidian@HEAD:src/position.h:88 [blob=e7966018d6b3]	GPL-3.0-only	en5	after the side to move	5	1	1.0		1437	4050	
minase@a05478a,all-refs:src/harness/limit.rs:142 [blob=4f2b9729da50]	SH11235/rshogi@HEAD:crates/tools/src/bin/compare_nodes.rs:1 [blob=48b5a549a02e]	GPL-3.0-or-later	en5	depth n nodes m depth	5	1	1.0		1255	7623	
minase@a05478a,all-refs:src/protocol/usi.rs:2009 [blob=3c479ed4520a]	WandererXII/scalashogi@HEAD:src/test/scala/variant/ChushogiTest.scala:238 [blob=406512e767a5]	MIT	en5	k11 12 12 12 12	5	1	1.0		1472	4900	
minase@a05478a,all-refs:src/protocol/cecp.rs:967 [blob=e764c746b2c9]	WandererXII/scalashogi@HEAD:src/test/scala/variant/ChushogiTest.scala:238 [blob=406512e767a5]	MIT	en5	k11 12 12 12 12	5	1	1.0		898	4900	
minase@a05478a,all-refs:src/protocol/usi.rs:3529 [blob=3c479ed4520a]	WandererXII/scalashogi@HEAD:src/test/scala/format/forsyth/SfenTest.scala:315 [blob=d1e5c72f6da9]	MIT	en5	12 9 r2 12 12	5	1	1.0		1472	4849	
minase@a05478a,all-refs:src/search/alphabeta/tt.rs:434 [blob=179cdfe153a4]	WandererXII/scalashogi@HEAD:src/test/scala/format/forsyth/SfenTest.scala:315 [blob=d1e5c72f6da9]	MIT	en5	12 9 r2 12 12	5	1	1.0		1440	4849	
minase@a05478a,all-refs:src/core/position/zobrist.rs:131 [blob=2025e2d78a68]	SH11235/rshogi@HEAD:crates/tools/src/bin/gensfen.rs:1339 [blob=0c74bd1c15d2]	GPL-3.0-or-later	ja12	zobristハッシュを	12	1	1.0		1396	7635	
minase@a05478a,all-refs:src/core/position/zobrist.rs:125 [blob=2025e2d78a68]	SH11235/rshogi@HEAD:crates/tools/src/bin/gensfen.rs:1339 [blob=0c74bd1c15d2]	GPL-3.0-or-later	ja12	zobristハッシュを	12	1	1.0		1396	7635	
minase@a05478a,all-refs:src/core/position/zobrist.rs:113 [blob=2025e2d78a68]	SH11235/rshogi@HEAD:crates/tools/src/bin/gensfen.rs:1339 [blob=0c74bd1c15d2]	GPL-3.0-or-later	ja12	zobristハッシュを	12	1	1.0		1396	7635	
minase@a05478a,all-refs:src/core/position/placement.rs:43 [blob=2956056c3453]	SH11235/rshogi@HEAD:crates/tools/src/bin/gensfen.rs:1339 [blob=0c74bd1c15d2]	GPL-3.0-or-later	ja12	zobristハッシュを	12	1	1.0		1383	7635	
minase@a05478a,all-refs:src/core/position/placement.rs:9 [blob=2956056c3453]	SH11235/rshogi@HEAD:crates/tools/src/bin/gensfen.rs:1339 [blob=0c74bd1c15d2]	GPL-3.0-or-later	ja12	zobristハッシュを	12	1	1.0		1383	7635	
minase@a05478a,all-refs:src/stats.rs:265 [blob=1a3d1bd2ca31]	SH11235/rshogi@HEAD:crates/tools/src/bin/analyze_selfplay.rs:1188 [blob=23b5c2304e72]	GPL-3.0-or-later	ja12	elo400log101	12	1	1.0		778	7611	
minase@a05478a,all-refs:src/protocol/usi.rs:467 [blob=3c479ed4520a]	SH11235/rshogi@HEAD:crates/rshogi-usi/tests/usi_flow.rs:28 [blob=2ef075995f48]	GPL-3.0-or-later	ja12	estmoveを保留する	12	1	1.0		1472	7607	
minase@a05478a,all-refs:src/protocol/usi.rs:3191 [blob=3c479ed4520a]	SH11235/rshogi@HEAD:crates/rshogi-usi/tests/usi_flow.rs:28 [blob=2ef075995f48]	GPL-3.0-or-later	ja12	pまでbestmoveを	12	1	1.0		1472	7607	
minase@a05478a,all-refs:src/protocol/usi.rs:3191 [blob=3c479ed4520a]	SH11235/rshogi@HEAD:crates/rshogi-usi/tests/usi_flow.rs:28 [blob=2ef075995f48]	GPL-3.0-or-later	ja12	stopまでbestmo	12	1	1.0		1472	7607	
minase@a05478a,all-refs:src/protocol/usi.rs:3191 [blob=3c479ed4520a]	SH11235/rshogi@HEAD:crates/rshogi-usi/tests/usi_flow.rs:28 [blob=2ef075995f48]	GPL-3.0-or-later	ja12	opまでbestmove	12	1	1.0		1472	7607	
minase@a05478a,all-refs:src/protocol/usi.rs:467 [blob=3c479ed4520a]	SH11235/rshogi@HEAD:crates/rshogi-usi/tests/usi_flow.rs:28 [blob=2ef075995f48]	GPL-3.0-or-later	ja12	までbestmoveを保	12	1	1.0		1472	7607	
minase@a05478a,all-refs:src/protocol/usi.rs:467 [blob=3c479ed4520a]	SH11235/rshogi@HEAD:crates/rshogi-usi/tests/usi_flow.rs:28 [blob=2ef075995f48]	GPL-3.0-or-later	ja12	でbestmoveを保留	12	1	1.0		1472	7607	
minase@a05478a,all-refs:src/protocol/usi.rs:3191 [blob=3c479ed4520a]	SH11235/rshogi@HEAD:crates/rshogi-usi/tests/usi_flow.rs:28 [blob=2ef075995f48]	GPL-3.0-or-later	ja12	topまでbestmov	12	1	1.0		1472	7607	
minase@a05478a,all-refs:src/protocol/usi.rs:467 [blob=3c479ed4520a]	SH11235/rshogi@HEAD:crates/rshogi-usi/tests/usi_flow.rs:28 [blob=2ef075995f48]	GPL-3.0-or-later	ja12	bestmoveを保留す	12	1	1.0		1472	7607	
minase@a05478a,all-refs:src/protocol/usi.rs:3191 [blob=3c479ed4520a]	SH11235/rshogi@HEAD:crates/rshogi-usi/tests/usi_flow.rs:28 [blob=2ef075995f48]	GPL-3.0-or-later	ja12	示stopまでbestm	12	1	1.0		1472	7607	
minase@a05478a,all-refs:src/protocol/usi.rs:1330 [blob=3c479ed4520a]	SH11235/rshogi@HEAD:crates/rshogi-usi/src/main.rs:1707 [blob=538a622b0a2d]	GPL-3.0-or-later	ja12	探索スレッドの終了を待ち	12	1	1.0		1472	7601	
minase@a05478a,all-refs:src/protocol/cecp.rs:846 [blob=e764c746b2c9]	SH11235/rshogi@HEAD:crates/rshogi-usi/src/main.rs:1707 [blob=538a622b0a2d]	GPL-3.0-or-later	ja12	探索スレッドの終了を待ち	12	1	1.0		898	7601	
minase@a05478a,all-refs:src/harness/failure.rs:14 [blob=d6bbd117059f]	SH11235/rshogi@HEAD:crates/rshogi-csa-server/src/record/kifu.rs:130 [blob=2a646ab06d3c]	GPL-3.0-or-later	ja12	illegalmoveで	12	1	1.0		1253	7584	
minase@a05478a,all-refs:src/protocol/cecp.rs:1250 [blob=e764c746b2c9]	SH11235/rshogi@HEAD:crates/rshogi-csa-server/src/record/kifu.rs:130 [blob=2a646ab06d3c]	GPL-3.0-or-later	ja12	illegalmoveで	12	1	1.0		898	7584	
minase@a05478a,all-refs:src/core/movegen/checked.rs:22 [blob=989f5e8d9e09]	SH11235/rshogi@HEAD:crates/rshogi-csa-server/src/game/validator.rs:16 [blob=34ff519f8c20]	GPL-3.0-or-later	ja12	illegalmoveを	12	1	1.0		1377	7572	
minase@a05478a,all-refs:src/notation/usi.rs:56 [blob=655959475393]	SH11235/rshogi@HEAD:crates/rshogi-csa-server/src/game/validator.rs:16 [blob=34ff519f8c20]	GPL-3.0-or-later	ja12	illegalmoveを	12	1	1.0		1340	7572	
minase@a05478a,all-refs:src/training/records.rs:565 [blob=c0b68bc96949]	SH11235/rshogi@HEAD:crates/rshogi-csa-server/src/game/validator.rs:16 [blob=34ff519f8c20]	GPL-3.0-or-later	ja12	illegalmoveを	12	1	1.0		696	7572	
minase@a05478a,all-refs:src/protocol/engine.rs:157 [blob=86831a659a88]	SH11235/rshogi@HEAD:crates/rshogi-csa-server-workers/src/spectator_snapshot.rs:1 [blob=b43d7cdfcc13]	GPL-3.0-or-later	ja12	endpositionは	12	1	1.0		1438	7530	
minase@a05478a,all-refs:src/protocol/mod.rs:13 [blob=13ac87b17b27]	SH11235/rshogi@HEAD:crates/rshogi-csa-client/src/transport.rs:1 [blob=ef1fc6c1fdb7]	GPL-3.0-or-later	ja12	eaderthreadと	12	1	1.0		290	7475	
minase@a05478a,all-refs:src/protocol/cecp.rs:1406 [blob=e764c746b2c9]	SH11235/rshogi@HEAD:crates/rshogi-csa-client/src/protocol.rs:608 [blob=fb4054808279]	GPL-3.0-or-later	ja12	illegalmoves	12	1	1.0		898	7472	
minase@a05478a,all-refs:src/protocol/mod.rs:13 [blob=13ac87b17b27]	SH11235/rshogi@HEAD:crates/rshogi-csa-client/src/engine.rs:68 [blob=c5f311152a9b]	GPL-3.0-or-later	ja12	るreaderthrea	12	1	1.0		290	7466	
minase@a05478a,all-refs:src/core/position/make_move.rs:99 [blob=9aa732f976b1]	SH11235/rshogi@HEAD:crates/rshogi-core/src/position/state.rs:1 [blob=b918c5cf1fd3]	GPL-3.0-or-later	ja12	zobristハッシュや	12	1	1.0		1447	7404	
minase@a05478a,all-refs:src/protocol/cecp.rs:1608 [blob=e764c746b2c9]	SH11235/rshogi@HEAD:crates/rshogi-core/src/movegen/mod.rs:1 [blob=3b2348a2bd35]	GPL-3.0-or-later	ja12	legalpositio	12	1	1.0		898	7318	
minase@a05478a,all-refs:src/protocol/cecp.rs:1608 [blob=e764c746b2c9]	SH11235/rshogi@HEAD:crates/rshogi-core/src/movegen/mod.rs:1 [blob=3b2348a2bd35]	GPL-3.0-or-later	ja12	egalposition	12	1	1.0		898	7318	
minase@a05478a,all-refs:src/harness/player.rs:321 [blob=c3d945b4824d]	SH11235/tatara@HEAD:crates/nnue-format/src/layerstack_weights.rs:585 [blob=242f7c046ada]	MIT	ja12	時にinvalidinp	12	1	1.0		1259	6542	
minase@a05478a,all-refs:src/datagen/mod.rs:35 [blob=a0090fcde16c]	SH11235/tatara@HEAD:bins/nnue_train/src/ckpt.rs:808 [blob=4fd89e3cd8ce]	MIT	ja12	invaliddataの	12	1	1.0		1269	6452	
minase@a05478a,all-refs:src/core/position/zobrist.rs:17 [blob=2025e2d78a68]	gikou-official/Gikou@HEAD:src/zobrist.h:29 [blob=9a14f2054962]	GPL-3.0-or-later	ja12	zobristハッシュの	12	1	1.0		1396	6388	
minase@a05478a,all-refs:src/search/limits.rs:189 [blob=36217147cb7e]	gikou-official/Gikou@HEAD:src/position.h:303 [blob=6b7ffc3ca18c]	GPL-3.0-or-later	ja12	から現局面までの手数を返	12	1	1.0		1221	6349	
minase@a05478a,all-refs:src/protocol/engine.rs:211 [blob=86831a659a88]	gikou-official/Gikou@HEAD:src/position.h:303 [blob=6b7ffc3ca18c]	GPL-3.0-or-later	ja12	開始局面から現局面までの	12	1	1.0		1438	6349	
minase@a05478a,all-refs:src/search/limits.rs:189 [blob=36217147cb7e]	gikou-official/Gikou@HEAD:src/position.h:303 [blob=6b7ffc3ca18c]	GPL-3.0-or-later	ja12	開始局面から現局面までの	12	1	1.0		1221	6349	
minase@a05478a,all-refs:src/search/limits.rs:146 [blob=36217147cb7e]	gikou-official/Gikou@HEAD:src/position.h:303 [blob=6b7ffc3ca18c]	GPL-3.0-or-later	ja12	開始局面から現局面までの	12	1	1.0		1221	6349	
minase@a05478a,all-refs:src/search/limits.rs:189 [blob=36217147cb7e]	gikou-official/Gikou@HEAD:src/position.h:303 [blob=6b7ffc3ca18c]	GPL-3.0-or-later	ja12	局面から現局面までの手数	12	1	1.0		1221	6349	
minase@a05478a,all-refs:src/search/limits.rs:146 [blob=36217147cb7e]	gikou-official/Gikou@HEAD:src/position.h:303 [blob=6b7ffc3ca18c]	GPL-3.0-or-later	ja12	局面から現局面までの手数	12	1	1.0		1221	6349	
minase@a05478a,all-refs:src/search/limits.rs:189 [blob=36217147cb7e]	gikou-official/Gikou@HEAD:src/position.h:303 [blob=6b7ffc3ca18c]	GPL-3.0-or-later	ja12	面から現局面までの手数を	12	1	1.0		1221	6349	
minase@a05478a,all-refs:src/search/limits.rs:189 [blob=36217147cb7e]	gikou-official/Gikou@HEAD:src/position.h:303 [blob=6b7ffc3ca18c]	GPL-3.0-or-later	ja12	始局面から現局面までの手	12	1	1.0		1221	6349	
minase@a05478a,all-refs:src/search/limits.rs:146 [blob=36217147cb7e]	gikou-official/Gikou@HEAD:src/position.h:303 [blob=6b7ffc3ca18c]	GPL-3.0-or-later	ja12	始局面から現局面までの手	12	1	1.0		1221	6349	
minase@a05478a,all-refs:src/notation/sfen.rs:1152 [blob=282e14d5ee1c]	WandererXII/scalashogi@HEAD:src/main/scala/Pos.scala:102 [blob=497f3afda289]	MIT	en5	12 c 11 c 10	5	1	1.0		1437	4774	
minase@a05478a,all-refs:src/protocol/usi.rs:2973 [blob=3c479ed4520a]	TadaoYamaoka/DeepLearningShogi@HEAD:usi/main.cpp:145 [blob=710a18d4a929]	GPL-3.0-or-later	ja12	がbestmoveを返す	12	1	1.0		1472	4231	
minase@a05478a,all-refs:src/protocol/usi.rs:2758 [blob=3c479ed4520a]	yaneurao/YaneuraOu-ScriptCollection@HEAD:PetaNext/peta_next.py:32 [blob=24ed8841c46a]	MIT	ja12	setpositionは	12	1	1.0		1472	3741	
minase@a05478a,all-refs:src/protocol/engine.rs:157 [blob=86831a659a88]	yaneurao/YaneuraOu-ScriptCollection@HEAD:PetaNext/peta_next.py:32 [blob=24ed8841c46a]	MIT	ja12	setpositionは	12	1	1.0		1438	3741	
minase@a05478a,all-refs:src/core/position/make_move.rs:99 [blob=9aa732f976b1]	yaneurao/YaneuraOu@0a6dd2cb^,33ccf1f,HEAD,v9.40:source/types.h:392 [blob=2c68461d7f2f]	GPL-3.0-only	ja12	emovegenerat	12	1	1.0		1447	2385	
