path	name	first_commit	blob	line	default	min	max	prefix
src/search/params.rs	LmrDivisor	546477937cd0005659ed7e6c97bbd715922d8199	0c615d6e81e5efba230a6e97d9b9d9aafbe9cede	55	200	100	400	lmr
src/search/params.rs	LmrHistoryThreshold	546477937cd0005659ed7e6c97bbd715922d8199	0c615d6e81e5efba230a6e97d9b9d9aafbe9cede	57	128	0	512	lmr
src/search/params.rs	FutilityMargin1	546477937cd0005659ed7e6c97bbd715922d8199	0c615d6e81e5efba230a6e97d9b9d9aafbe9cede	59	50	0	400	futility
src/search/params.rs	FutilityMargin2	546477937cd0005659ed7e6c97bbd715922d8199	0c615d6e81e5efba230a6e97d9b9d9aafbe9cede	61	150	0	400	futility
src/search/params.rs	FutilityMargin3	546477937cd0005659ed7e6c97bbd715922d8199	0c615d6e81e5efba230a6e97d9b9d9aafbe9cede	63	150	0	400	futility
src/search/params.rs	SeeMargin1	546477937cd0005659ed7e6c97bbd715922d8199	0c615d6e81e5efba230a6e97d9b9d9aafbe9cede	65	0	0	400	see
src/search/params.rs	SeeMargin2	546477937cd0005659ed7e6c97bbd715922d8199	0c615d6e81e5efba230a6e97d9b9d9aafbe9cede	67	200	0	400	see
src/search/params.rs	SeeMargin3	546477937cd0005659ed7e6c97bbd715922d8199	0c615d6e81e5efba230a6e97d9b9d9aafbe9cede	69	0	0	400	see
src/search/params.rs	AspirationDelta	546477937cd0005659ed7e6c97bbd715922d8199	0c615d6e81e5efba230a6e97d9b9d9aafbe9cede	71	50	10	200	aspiration
src/search/params.rs	AspirationGrowth	546477937cd0005659ed7e6c97bbd715922d8199	0c615d6e81e5efba230a6e97d9b9d9aafbe9cede	73	200	125	400	aspiration
src/search/params.rs	NullMoveBase	546477937cd0005659ed7e6c97bbd715922d8199	0c615d6e81e5efba230a6e97d9b9d9aafbe9cede	75	2400	1200	4800	null
src/search/params.rs	NullMoveSlope	546477937cd0005659ed7e6c97bbd715922d8199	0c615d6e81e5efba230a6e97d9b9d9aafbe9cede	77	200	100	400	null
src/search/params.rs	HistoryLimit	546477937cd0005659ed7e6c97bbd715922d8199	0c615d6e81e5efba230a6e97d9b9d9aafbe9cede	79	16384	4096	65536	history
src/search/params.rs	CorrectionCap	546477937cd0005659ed7e6c97bbd715922d8199	0c615d6e81e5efba230a6e97d9b9d9aafbe9cede	81	200	50	400	correction
src/search/params.rs	CorrectionWeight	546477937cd0005659ed7e6c97bbd715922d8199	0c615d6e81e5efba230a6e97d9b9d9aafbe9cede	83	32	8	128	correction
src/search/params.rs	DeltaMargin	546477937cd0005659ed7e6c97bbd715922d8199	0c615d6e81e5efba230a6e97d9b9d9aafbe9cede	85	200	50	500	delta
src/search/params.rs	ExpectedPlies	546477937cd0005659ed7e6c97bbd715922d8199	0c615d6e81e5efba230a6e97d9b9d9aafbe9cede	87	450	250	700	expected
src/search/params.rs	MinMoves	546477937cd0005659ed7e6c97bbd715922d8199	0c615d6e81e5efba230a6e97d9b9d9aafbe9cede	89	100	40	200	min
src/search/params.rs	IncrementShare	546477937cd0005659ed7e6c97bbd715922d8199	0c615d6e81e5efba230a6e97d9b9d9aafbe9cede	91	70	30	100	increment
src/search/params.rs	HardSoftRatio	546477937cd0005659ed7e6c97bbd715922d8199	0c615d6e81e5efba230a6e97d9b9d9aafbe9cede	93	400	150	800	hard
src/search/params.rs	HardRemainingShare	546477937cd0005659ed7e6c97bbd715922d8199	0c615d6e81e5efba230a6e97d9b9d9aafbe9cede	95	25	10	50	hard
src/search/params.rs	IterationRatio	546477937cd0005659ed7e6c97bbd715922d8199	0c615d6e81e5efba230a6e97d9b9d9aafbe9cede	98	250	150	400	iteration
src/search/alphabeta/params.rs	LmrDivisor	b6891843756d9a5c698b793766c96fdd95b2089c	6af36eaed953490747aad53e30cab4b981cb778c	55	166	100	400	lmr
src/search/alphabeta/params.rs	LmrHistoryThreshold	b6891843756d9a5c698b793766c96fdd95b2089c	6af36eaed953490747aad53e30cab4b981cb778c	57	111	0	512	lmr
src/search/alphabeta/params.rs	FutilityMargin1	b6891843756d9a5c698b793766c96fdd95b2089c	6af36eaed953490747aad53e30cab4b981cb778c	59	101	0	400	futility
src/search/alphabeta/params.rs	FutilityMargin2	b6891843756d9a5c698b793766c96fdd95b2089c	6af36eaed953490747aad53e30cab4b981cb778c	61	196	0	400	futility
src/search/alphabeta/params.rs	FutilityMargin3	b6891843756d9a5c698b793766c96fdd95b2089c	6af36eaed953490747aad53e30cab4b981cb778c	63	207	0	400	futility
src/search/alphabeta/params.rs	SeeMargin1	b6891843756d9a5c698b793766c96fdd95b2089c	6af36eaed953490747aad53e30cab4b981cb778c	65	2	0	400	see
src/search/alphabeta/params.rs	SeeMargin2	b6891843756d9a5c698b793766c96fdd95b2089c	6af36eaed953490747aad53e30cab4b981cb778c	67	210	0	400	see
src/search/alphabeta/params.rs	SeeMargin3	b6891843756d9a5c698b793766c96fdd95b2089c	6af36eaed953490747aad53e30cab4b981cb778c	69	7	0	400	see
src/search/alphabeta/params.rs	AspirationDelta	b6891843756d9a5c698b793766c96fdd95b2089c	6af36eaed953490747aad53e30cab4b981cb778c	71	46	10	200	aspiration
src/search/alphabeta/params.rs	AspirationGrowth	b6891843756d9a5c698b793766c96fdd95b2089c	6af36eaed953490747aad53e30cab4b981cb778c	73	201	125	400	aspiration
src/search/alphabeta/params.rs	NullMoveBase	b6891843756d9a5c698b793766c96fdd95b2089c	6af36eaed953490747aad53e30cab4b981cb778c	75	3529	1200	4800	null
src/search/alphabeta/params.rs	NullMoveSlope	b6891843756d9a5c698b793766c96fdd95b2089c	6af36eaed953490747aad53e30cab4b981cb778c	77	238	100	400	null
src/search/alphabeta/params.rs	HistoryLimit	b6891843756d9a5c698b793766c96fdd95b2089c	6af36eaed953490747aad53e30cab4b981cb778c	79	20755	4096	65536	history
src/search/alphabeta/params.rs	CorrectionCap	b6891843756d9a5c698b793766c96fdd95b2089c	6af36eaed953490747aad53e30cab4b981cb778c	81	193	50	400	correction
src/search/alphabeta/params.rs	CorrectionWeight	b6891843756d9a5c698b793766c96fdd95b2089c	6af36eaed953490747aad53e30cab4b981cb778c	83	33	8	128	correction
src/search/alphabeta/params.rs	DeltaMargin	b6891843756d9a5c698b793766c96fdd95b2089c	6af36eaed953490747aad53e30cab4b981cb778c	85	258	50	500	delta
src/search/alphabeta/params.rs	ExpectedPlies	b6891843756d9a5c698b793766c96fdd95b2089c	6af36eaed953490747aad53e30cab4b981cb778c	87	432	250	700	expected
src/search/alphabeta/params.rs	MinMoves	b6891843756d9a5c698b793766c96fdd95b2089c	6af36eaed953490747aad53e30cab4b981cb778c	89	88	40	200	min
src/search/alphabeta/params.rs	IncrementShare	b6891843756d9a5c698b793766c96fdd95b2089c	6af36eaed953490747aad53e30cab4b981cb778c	91	76	30	100	increment
src/search/alphabeta/params.rs	HardSoftRatio	b6891843756d9a5c698b793766c96fdd95b2089c	6af36eaed953490747aad53e30cab4b981cb778c	93	451	150	800	hard
src/search/alphabeta/params.rs	HardRemainingShare	b6891843756d9a5c698b793766c96fdd95b2089c	6af36eaed953490747aad53e30cab4b981cb778c	95	27	10	50	hard
src/search/alphabeta/params.rs	IterationRatio	b6891843756d9a5c698b793766c96fdd95b2089c	6af36eaed953490747aad53e30cab4b981cb778c	98	263	150	400	iteration
src/search/alphabeta/params.rs	CaptureHistoryLimit	1ca19fc02f71f3788d2d653091a48948051d4e57	cc38ead0df7b8b6d0089edb9c6198f946d7bcdc6	81	20755	1	32767	capture
src/search/alphabeta/params.rs	CaptureHistoryScale	1ca19fc02f71f3788d2d653091a48948051d4e57	cc38ead0df7b8b6d0089edb9c6198f946d7bcdc6	83	100	0	400	capture
src/search/alphabeta/params.rs	QsearchMoveLimit	a3845f27a03c8fdc05573c4723324fcd1ea91b30	a1fc5dc0c73cc549cd1fde6fb7098ff18041e02c	87	1	1	16	qsearch
src/search/alphabeta/params.rs	HistoryDecay	1b96a3db4a946aff853e373bfedef532bccc329f	015004968861d9f34b0844488ee6271cfc203096	81	75	0	100	history
