record	line	name	accessor	default	min	max	prefix
972	55	LmrDivisor	lmr_divisor	200	100	400	lmr
972	57	LmrHistoryThreshold	lmr_history_threshold	128	0	512	lmr
972	59	FutilityMargin1	futility_margin1	50	0	400	futility
972	61	FutilityMargin2	futility_margin2	150	0	400	futility
972	63	FutilityMargin3	futility_margin3	150	0	400	futility
972	65	SeeMargin1	see_margin1	0	0	400	see
972	67	SeeMargin2	see_margin2	200	0	400	see
972	69	SeeMargin3	see_margin3	0	0	400	see
972	71	AspirationDelta	aspiration_delta	50	10	200	aspiration
972	73	AspirationGrowth	aspiration_growth	200	125	400	aspiration
972	75	NullMoveBase	null_move_base	2400	1200	4800	null
972	77	NullMoveSlope	null_move_slope	200	100	400	null
972	79	HistoryLimit	history_limit	16384	4096	65536	history
972	81	CorrectionCap	correction_cap	200	50	400	correction
972	83	CorrectionWeight	correction_weight	32	8	128	correction
972	85	DeltaMargin	delta_margin	200	50	500	delta
972	87	ExpectedPlies	expected_plies	450	250	700	expected
972	89	MinMoves	min_moves	100	40	200	min
972	91	IncrementShare	increment_share	70	30	100	increment
972	93	HardSoftRatio	hard_soft_ratio	400	150	800	hard
972	95	HardRemainingShare	hard_remaining_share	25	10	50	hard
972	98	IterationRatio	iteration_ratio	250	150	400	iteration
1115	55	LmrDivisor	lmr_divisor	186	100	400	lmr
1115	57	LmrHistoryThreshold	lmr_history_threshold	117	0	512	lmr
1115	59	FutilityMargin1	futility_margin1	51	0	400	futility
1115	61	FutilityMargin2	futility_margin2	158	0	400	futility
1115	63	FutilityMargin3	futility_margin3	175	0	400	futility
1115	65	SeeMargin1	see_margin1	0	0	400	see
1115	67	SeeMargin2	see_margin2	195	0	400	see
1115	69	SeeMargin3	see_margin3	10	0	400	see
1115	71	AspirationDelta	aspiration_delta	53	10	200	aspiration
1115	73	AspirationGrowth	aspiration_growth	193	125	400	aspiration
1115	75	NullMoveBase	null_move_base	2888	1200	4800	null
1115	77	NullMoveSlope	null_move_slope	210	100	400	null
1115	79	HistoryLimit	history_limit	19403	4096	65536	history
1115	81	CorrectionCap	correction_cap	202	50	400	correction
1115	83	CorrectionWeight	correction_weight	35	8	128	correction
1115	85	DeltaMargin	delta_margin	212	50	500	delta
1115	87	ExpectedPlies	expected_plies	435	250	700	expected
1115	89	MinMoves	min_moves	94	40	200	min
1115	91	IncrementShare	increment_share	73	30	100	increment
1115	93	HardSoftRatio	hard_soft_ratio	394	150	800	hard
1115	95	HardRemainingShare	hard_remaining_share	25	10	50	hard
1115	98	IterationRatio	iteration_ratio	244	150	400	iteration
1124	55	LmrDivisor	lmr_divisor	186	100	400	lmr
1124	57	LmrHistoryThreshold	lmr_history_threshold	117	0	512	lmr
1124	59	FutilityMargin1	futility_margin1	51	0	400	futility
1124	61	FutilityMargin2	futility_margin2	158	0	400	futility
1124	63	FutilityMargin3	futility_margin3	175	0	400	futility
1124	65	SeeMargin1	see_margin1	0	0	400	see
1124	67	SeeMargin2	see_margin2	195	0	400	see
1124	69	SeeMargin3	see_margin3	10	0	400	see
1124	71	AspirationDelta	aspiration_delta	53	10	200	aspiration
1124	73	AspirationGrowth	aspiration_growth	193	125	400	aspiration
1124	75	NullMoveBase	null_move_base	2888	1200	4800	null
1124	77	NullMoveSlope	null_move_slope	210	100	400	null
1124	79	HistoryLimit	history_limit	19403	4096	65536	history
1124	81	CorrectionCap	correction_cap	202	50	400	correction
1124	83	CorrectionWeight	correction_weight	35	8	128	correction
1124	85	DeltaMargin	delta_margin	212	50	500	delta
1124	87	ExpectedPlies	expected_plies	435	250	700	expected
1124	89	MinMoves	min_moves	94	40	200	min
1124	91	IncrementShare	increment_share	73	30	100	increment
1124	93	HardSoftRatio	hard_soft_ratio	394	150	800	hard
1124	95	HardRemainingShare	hard_remaining_share	25	10	50	hard
1124	98	IterationRatio	iteration_ratio	244	150	400	iteration
1131	55	LmrDivisor	lmr_divisor	166	100	400	lmr
1131	57	LmrHistoryThreshold	lmr_history_threshold	111	0	512	lmr
1131	59	FutilityMargin1	futility_margin1	101	0	400	futility
1131	61	FutilityMargin2	futility_margin2	196	0	400	futility
1131	63	FutilityMargin3	futility_margin3	207	0	400	futility
1131	65	SeeMargin1	see_margin1	2	0	400	see
1131	67	SeeMargin2	see_margin2	210	0	400	see
1131	69	SeeMargin3	see_margin3	7	0	400	see
1131	71	AspirationDelta	aspiration_delta	46	10	200	aspiration
1131	73	AspirationGrowth	aspiration_growth	201	125	400	aspiration
1131	75	NullMoveBase	null_move_base	3529	1200	4800	null
1131	77	NullMoveSlope	null_move_slope	238	100	400	null
1131	79	HistoryLimit	history_limit	20755	4096	65536	history
1131	81	CorrectionCap	correction_cap	193	50	400	correction
1131	83	CorrectionWeight	correction_weight	33	8	128	correction
1131	85	DeltaMargin	delta_margin	258	50	500	delta
1131	87	ExpectedPlies	expected_plies	432	250	700	expected
1131	89	MinMoves	min_moves	88	40	200	min
1131	91	IncrementShare	increment_share	76	30	100	increment
1131	93	HardSoftRatio	hard_soft_ratio	451	150	800	hard
1131	95	HardRemainingShare	hard_remaining_share	27	10	50	hard
1131	98	IterationRatio	iteration_ratio	263	150	400	iteration
1499	55	LmrDivisor	lmr_divisor	166	100	400	lmr
1499	57	LmrHistoryThreshold	lmr_history_threshold	111	0	512	lmr
1499	59	FutilityMargin1	futility_margin1	101	0	400	futility
1499	61	FutilityMargin2	futility_margin2	196	0	400	futility
1499	63	FutilityMargin3	futility_margin3	207	0	400	futility
1499	65	SeeMargin1	see_margin1	2	0	400	see
1499	67	SeeMargin2	see_margin2	210	0	400	see
1499	69	SeeMargin3	see_margin3	7	0	400	see
1499	71	AspirationDelta	aspiration_delta	46	10	200	aspiration
1499	73	AspirationGrowth	aspiration_growth	201	125	400	aspiration
1499	75	NullMoveBase	null_move_base	3529	1200	4800	null
1499	77	NullMoveSlope	null_move_slope	238	100	400	null
1499	79	HistoryLimit	history_limit	20755	4096	65536	history
1499	81	CaptureHistoryLimit	capture_history_limit	20755	1	32767	capture
1499	83	CaptureHistoryScale	capture_history_scale	100	0	400	capture
1499	85	CorrectionCap	correction_cap	193	50	400	correction
1499	87	CorrectionWeight	correction_weight	33	8	128	correction
1499	89	DeltaMargin	delta_margin	258	50	500	delta
1499	91	ExpectedPlies	expected_plies	432	250	700	expected
1499	93	MinMoves	min_moves	88	40	200	min
1499	95	IncrementShare	increment_share	76	30	100	increment
1499	97	HardSoftRatio	hard_soft_ratio	451	150	800	hard
1499	99	HardRemainingShare	hard_remaining_share	27	10	50	hard
1499	102	IterationRatio	iteration_ratio	263	150	400	iteration
1507	55	LmrDivisor	lmr_divisor	166	100	400	lmr
1507	57	LmrHistoryThreshold	lmr_history_threshold	111	0	512	lmr
1507	59	FutilityMargin1	futility_margin1	101	0	400	futility
1507	61	FutilityMargin2	futility_margin2	196	0	400	futility
1507	63	FutilityMargin3	futility_margin3	207	0	400	futility
1507	65	SeeMargin1	see_margin1	2	0	400	see
1507	67	SeeMargin2	see_margin2	210	0	400	see
1507	69	SeeMargin3	see_margin3	7	0	400	see
1507	71	AspirationDelta	aspiration_delta	46	10	200	aspiration
1507	73	AspirationGrowth	aspiration_growth	201	125	400	aspiration
1507	75	NullMoveBase	null_move_base	3529	1200	4800	null
1507	77	NullMoveSlope	null_move_slope	238	100	400	null
1507	79	HistoryLimit	history_limit	20755	4096	65536	history
1507	81	CorrectionCap	correction_cap	193	50	400	correction
1507	83	CorrectionWeight	correction_weight	33	8	128	correction
1507	85	DeltaMargin	delta_margin	258	50	500	delta
1507	87	QsearchMoveLimit	qsearch_move_limit	1	1	16	qsearch
1507	89	ExpectedPlies	expected_plies	432	250	700	expected
1507	91	MinMoves	min_moves	88	40	200	min
1507	93	IncrementShare	increment_share	76	30	100	increment
1507	95	HardSoftRatio	hard_soft_ratio	451	150	800	hard
1507	97	HardRemainingShare	hard_remaining_share	27	10	50	hard
1507	100	IterationRatio	iteration_ratio	263	150	400	iteration
1526	55	LmrDivisor	lmr_divisor	166	100	400	lmr
1526	57	LmrHistoryThreshold	lmr_history_threshold	111	0	512	lmr
1526	59	FutilityMargin1	futility_margin1	101	0	400	futility
1526	61	FutilityMargin2	futility_margin2	196	0	400	futility
1526	63	FutilityMargin3	futility_margin3	207	0	400	futility
1526	65	SeeMargin1	see_margin1	2	0	400	see
1526	67	SeeMargin2	see_margin2	210	0	400	see
1526	69	SeeMargin3	see_margin3	7	0	400	see
1526	71	AspirationDelta	aspiration_delta	46	10	200	aspiration
1526	73	AspirationGrowth	aspiration_growth	201	125	400	aspiration
1526	75	NullMoveBase	null_move_base	3529	1200	4800	null
1526	77	NullMoveSlope	null_move_slope	238	100	400	null
1526	79	HistoryLimit	history_limit	20755	4096	65536	history
1526	81	HistoryDecay	history_decay	75	0	100	history
1526	83	CorrectionCap	correction_cap	193	50	400	correction
1526	85	CorrectionWeight	correction_weight	33	8	128	correction
1526	87	DeltaMargin	delta_margin	258	50	500	delta
1526	89	ExpectedPlies	expected_plies	432	250	700	expected
1526	91	MinMoves	min_moves	88	40	200	min
1526	93	IncrementShare	increment_share	76	30	100	increment
1526	95	HardSoftRatio	hard_soft_ratio	451	150	800	hard
1526	97	HardRemainingShare	hard_remaining_share	27	10	50	hard
1526	100	IterationRatio	iteration_ratio	263	150	400	iteration
