repo	ref	path	blob	reason
official-stockfish/fishtest	b8eecff220b562a0dc2c4e68d1fa02521e06d72c	pyproject.toml	d3bcbd829c9438677880c77853b6e9269f59f662	missing_local_blob
official-stockfish/fishtest	b8eecff220b562a0dc2c4e68d1fa02521e06d72c	server/fishtest/static/js/active_run_filters.js	e384a478c9a351b0bb641c69262e5350af7aa909	missing_local_blob
official-stockfish/fishtest	b8eecff220b562a0dc2c4e68d1fa02521e06d72c	server/fishtest/static/js/application.js	a2c2295f3adfe1e1dd30f665466eacdd35387b92	missing_local_blob
official-stockfish/fishtest	b8eecff220b562a0dc2c4e68d1fa02521e06d72c	server/fishtest/static/js/contributors.js	9444204c46142ffd03c66a32b20c07dde1f63b42	missing_local_blob
official-stockfish/fishtest	b8eecff220b562a0dc2c4e68d1fa02521e06d72c	server/fishtest/static/js/live_elo.js	8c2f9f9d252c46e3e7cddb73a295853f91873b1e	missing_local_blob
official-stockfish/fishtest	b8eecff220b562a0dc2c4e68d1fa02521e06d72c	server/fishtest/static/js/notifications.js	729c0cae92e8532e05cca5a6e2a7ae9c4ef477d3	missing_local_blob
official-stockfish/fishtest	b8eecff220b562a0dc2c4e68d1fa02521e06d72c	server/fishtest/static/js/spsa.js	a7fd4ef0ad242e5a28a057561816dd62e4421a35	missing_local_blob
official-stockfish/fishtest	b8eecff220b562a0dc2c4e68d1fa02521e06d72c	server/fishtest/static/js/tests_homepage.js	f34ee05bd64ec4bae36ec98cdbbbbaaeaf1b6663	missing_local_blob
official-stockfish/fishtest	b8eecff220b562a0dc2c4e68d1fa02521e06d72c	server/pyproject.toml	172c085bc7e0a1419d53fcef08e14c5d4eab13a0	missing_local_blob
official-stockfish/fishtest	b8eecff220b562a0dc2c4e68d1fa02521e06d72c	server/tests/test_http_boundary.py	afb3b4a77bd579484b87e8d5425a8c8ccc5e03be	missing_local_blob
official-stockfish/fishtest	b8eecff220b562a0dc2c4e68d1fa02521e06d72c	server/tests/test_nn.py	098e5605badd88b82ae7d3c443508ad7eee0e1b7	missing_local_blob
official-stockfish/fishtest	b8eecff220b562a0dc2c4e68d1fa02521e06d72c	server/tests/test_views_actions.py	b8c1818cc43d4d3dfa6eee337359e4eca008c58e	missing_local_blob
official-stockfish/fishtest	b8eecff220b562a0dc2c4e68d1fa02521e06d72c	server/tests/test_views_admin.py	934dadc823f83ad4a15ae921064836f11cfa5f3c	missing_local_blob
official-stockfish/fishtest	b8eecff220b562a0dc2c4e68d1fa02521e06d72c	server/tests/test_views_contributors.py	09c8fead27f67b4d457c8a8e6e47789c183d07d5	missing_local_blob
official-stockfish/fishtest	b8eecff220b562a0dc2c4e68d1fa02521e06d72c	server/tests/test_views_detail.py	b68406f3c969f7209cdb7bfbd5d6b03ead16ab85	missing_local_blob
official-stockfish/fishtest	b8eecff220b562a0dc2c4e68d1fa02521e06d72c	server/tests/test_views_helpers.py	214e584dcc6ed39b0228064043e83017804d441d	missing_local_blob
official-stockfish/fishtest	b8eecff220b562a0dc2c4e68d1fa02521e06d72c	server/tests/test_views_machines.py	451acb6a34e8ecec3fdeea075435d2b76e1f98dd	missing_local_blob
official-stockfish/fishtest	b8eecff220b562a0dc2c4e68d1fa02521e06d72c	server/tests/test_views_run.py	e403c9ff472e7aaa44d0be2ea6161a0dd78e65fd	missing_local_blob
official-stockfish/fishtest	b8eecff220b562a0dc2c4e68d1fa02521e06d72c	server/tests/test_views_stats.py	8da7eff745de10744def73d3444b63a213fa7097	missing_local_blob
official-stockfish/fishtest	b8eecff220b562a0dc2c4e68d1fa02521e06d72c	server/tests/test_views_tests.py	0cf6ec9c0ba03e40af80d35b6b2b30d0c78b2d32	missing_local_blob
official-stockfish/fishtest	b8eecff220b562a0dc2c4e68d1fa02521e06d72c	server/utils/analyze_access_log.py	3e4f2a61e6e88102e5a6e286093fe098130ed5cb	missing_local_blob
official-stockfish/fishtest	b8eecff220b562a0dc2c4e68d1fa02521e06d72c	worker/packages/charset_normalizer/__init__.py	0d3a37990145e94ad85406166dbaf52f4c311e5e	missing_local_blob
official-stockfish/fishtest	b8eecff220b562a0dc2c4e68d1fa02521e06d72c	worker/packages/charset_normalizer/api.py	3046f978f086441d32964eec5c6fa59443698697	missing_local_blob
official-stockfish/fishtest	b8eecff220b562a0dc2c4e68d1fa02521e06d72c	worker/packages/charset_normalizer/constant.py	4b3c7dd6124d5952e617f943276c1fa0e0084ecf	missing_local_blob
official-stockfish/fishtest	b8eecff220b562a0dc2c4e68d1fa02521e06d72c	worker/packages/charset_normalizer/md.py	3c668e5092310ae56d7ca1ff4481f1c236f19061	missing_local_blob
official-stockfish/fishtest	b8eecff220b562a0dc2c4e68d1fa02521e06d72c	worker/packages/charset_normalizer/models.py	446ac97452c7c730a44ebeaf1894b41f0d8bc29c	missing_local_blob
official-stockfish/fishtest	b8eecff220b562a0dc2c4e68d1fa02521e06d72c	worker/packages/charset_normalizer/utils.py	074b0e9355e49c6ef5002e223b3ee87c63c6b7b2	missing_local_blob
official-stockfish/fishtest	b8eecff220b562a0dc2c4e68d1fa02521e06d72c	worker/packages/charset_normalizer/version.py	76c73a0b570ab59937bcd68e730dff4dee455b26	missing_local_blob
official-stockfish/fishtest	b8eecff220b562a0dc2c4e68d1fa02521e06d72c	worker/worker.py	49a8d5da40535b0141dc70b894d85180e442a080	missing_local_blob
