repo	requested_ref	commit	status
official-stockfish/Stockfish	HEAD	17a6c8f1eb0da45c2ca405321919519bf4e211ba	ok
official-stockfish/Stockfish	sf_10	b4c239b625285307c5871f1104dc3fb80aa6d5d2	ok
official-stockfish/Stockfish	sf_11	c3483fa9a7d7c0ffa9fcc32b467ca844cfb63790	ok
official-stockfish/Stockfish	sf_12	c306d838697011da0a960758dde3f7ede6849060	ok
official-stockfish/Stockfish	sf_13	3597f1942ec6f2cfbd50b905683739b0900ff5dd	ok
official-stockfish/Stockfish	sf_14	773dff020968f7a6f590cfd53e8fd89f12e15e36	ok
official-stockfish/Stockfish	sf_15	e6e324eb28fd49c1fc44b3b65784f85a773ec61c	ok
official-stockfish/Stockfish	sf_16	68e1e9b3811e16cad014b590d7443b9063b3eb52	ok
official-stockfish/Stockfish	sf_17	e0bfc4b69bbe928d6f474a46560bcc3b3f6709aa	ok
official-stockfish/Stockfish	sf_18	cb3d4ee9b47d0c5aae855b12379378ea1439675c	ok
official-stockfish/Stockfish	sf_19	edb0d9db6731067ec50ce619ff372b463bc4dd5d	ok
official-stockfish/Stockfish (research clone)	HEAD	0a215d6c9e48856ef630013b8ab8312941a59057	ok
yaneurao/YaneuraOu	HEAD	c1b80eaa09fe13d5f12b1599d1ae4d53c224de30	ok
yaneurao/YaneuraOu	V5.00	e1293739e3ab40b91e91ec35f64346562ba3b422	ok
yaneurao/YaneuraOu	v6.00	68146b93ce98bd826691b90fd22e7f2742c285d8	ok
yaneurao/YaneuraOu	v7.00	0640f43c7efb84630d657e99d6c8b5353062be1c	ok
yaneurao/YaneuraOu	v7.10	4a98d4aa25d883f684a9c2976ff86cf729be40e6	ok
yaneurao/YaneuraOu	V7.61	aba592af5e25e27e4f35aece1bccace3c22ab5f7	ok
yaneurao/YaneuraOu	v8.00		missing_ref
yaneurao/YaneuraOu	V8.30	692ae2f497129d9c53798ac009aa9bab2d33457f	ok
yaneurao/YaneuraOu	V9.00	a5ee2786c0030edc7d4a1cdfe94b04dffec55493	ok
yaneurao/YaneuraOu	v9.10		missing_ref
yaneurao/YaneuraOu	v9.40	717da871e7a620702b8b9433bd8f9f181710435a	ok
yaneurao/YaneuraOu	33ccf1f	33ccf1f907eb7184889fa23051243f81ab0bf973	ok
yaneurao/YaneuraOu	0a6dd2cb^	15c1cc6ae0ee87998af0251149dc6f1b175d95a3	ok
yaneurao/YaneuraOu	v8.00-fukauraou	1be5ed6aef375d23ef30a4e0880175e457009d20	supplementary_release_tag
yaneurao/YaneuraOu	v9.10-fukauraou	b4aa4ce150860140edcb5936b42f44dbd6f6398f	supplementary_release_tag
AndyGrant/Ethereal	HEAD	0e47e9b67f345c75eb965d9fb3e2493b6a11d09a	ok
official-stockfish/fishtest	HEAD	4136e07795ee6a7dac9b74e21bc457e0d1ba5b8c	ok
official-stockfish/fishtest	b8eecff220b562a0dc2c4e68d1fa02521e06d72c	b8eecff220b562a0dc2c4e68d1fa02521e06d72c	ok
codedeliveryservice/Reckless	HEAD	31d9cd6fd2bea6d9f72eeb35e0bac70daa295fb1	ok
cosmobobak/viridithas	HEAD	13a3fe18fbfde3856262850d599b6b8465ee7329	ok
fairy-stockfish/Fairy-Stockfish	HEAD	2e591089558a5afa72ab5a22192208e71848a30c	ok
yaneurao/YaneuraOu-ScriptCollection	HEAD	75ebed5fd136265416a2fff55cde5ff8f5010855	ok
LeelaChessZero/lczero-training	HEAD	7c5d756ea6bb3531fb14a9b4df231577b1aa1081	ok
AndyGrant/OpenBench	HEAD	6b63eb0c314d6acbeb8cc2f0b3e5be66d1ddb187	ok
gab8192/Obsidian	HEAD	720614a61ed6201037516d555f0bd2f7e5aeae3c	ok
vondele/nettest	HEAD	9bc8d4f4f89b9126079176dfdcd901d7bf294f7d	ok
TadaoYamaoka/DeepLearningShogi	HEAD	559d6362726f8fbe2289d7bf6b2d90b6783ca29c	ok
PGG106/Alexandria	HEAD	e8db34cb39c2eefb455e13a92b547fecef894f6f	ok
peterosterlund2/texel	HEAD	b1883f8ddf28802871a5ae0b1e930982bac40d37	ok
Witek902/Caissa	HEAD	ee7360717693f9df841891cde389d5d814cba018	ok
WandererXII/scalashogi	HEAD	9a1c2c3ae9167da60f47366e922b2f84c8bcda4e	ok
official-stockfish/nnue-pytorch	HEAD	aa2fff2f4a67d1a268dad991fcc03430781fde15	ok
Naviary2/apeiron	HEAD	ee77baa6bd7e478a8c6d8c8501b65eccc3180a54	ok
mk-takizawa/elmo_for_learn	HEAD	f825ff057165826c421d2d7ca9a841bdac2b9088	ok
kelseyde/hobbes-chess-engine	HEAD	1f3e4668c7fef92069ee916f9ed34e1e1d5c968c	ok
jw1912/akimbo	HEAD	f7dd7677d6ab9a4a76e3769731084894a7f7ae09	ok
ianfab/fishutils	HEAD	8630f8b5fac19eb7fa9bd0656789a35a0fc64f71	ok
vdbergh/spsa_simul	HEAD	66f45e8daf51bf1258d9aab27b91540803411b8b	ok
TheYoBots/Lishogi-Bot	HEAD	17c16bc73b22fa6d56e0a412174c7c44993e619d	ok
LeelaChessZero/lc0	HEAD	1227b4c8c23375f4011831f4d7496d1551f85145	ok
jw1912/bullet	HEAD	c004ebf04025edf91c6ccac47e72d561062a46b5	ok
Yoshie2000/PlentyChess	HEAD	04e07a98ee6ac104c30e7374450c94b96d94ef4d	ok
WandererXII/shogiops	HEAD	e295794f792e41c9b0a28aeb30faf9b89c951876	ok
lightvector/KataGo	HEAD	d91ea855110dae533f0aada947b2b7d78cc8a4e1	ok
kiudee/chess-tuning-tools	HEAD	a88f94725ac074ba4df635e263ffa98a502cee08	ok
HiraokaTakuya/apery	HEAD	d14471fc879062bfabbd181eaa91e90c7cc28a71	ok
deepmind/mctx	HEAD	88f92056a420c2673bed282f5a0c00211f126e78	ok
TerjeKir/weiss	HEAD	c735b8f3d2ddb0cdf42b135a5fb42e21c01f7a3d	ok
jhonnold/berserk	HEAD	32628515050b83805bab4afa1026dd2bcaa93f55	ok
gikou-official/Gikou	HEAD	ca25edf02fe29f58d18890af604bd9cf7a455c01	ok
lithander/Leorik	HEAD	7c936b1494ee0140ec8d2d5ae67ea61c9c33cefe	ok
SH11235/tatara	HEAD	536beb692fa7d936c2be8d3b68ecdb2d023af9e2	ok
u-tokyo-gps-tanaka-lab/shogilib	HEAD	b28b253c9a6fcd8b7787d0997c99107d9d616af1	ok
tugajin/cpp_animal_shogi	HEAD	1be5ec843a941e22aa770138d441ef87cb909b11	ok
leela-zero/leela-zero	HEAD	3ee6d20d0b36ae26120331c610926359cc5837de	ok
Plaaasma/Claustrophobia	HEAD	ae093653e62ad700e201706fa5ed767093d0d68e	ok
cutechess/cutechess	HEAD	5e84232be4546aaedc9d87a96c91867a1da06ada	ok
HiraokaTakuya/apery_rust	HEAD	8e64bc427bff033a38f1b60b9013ad2d62f88db7	ok
SH11235/rshogi	HEAD	871a5b82e513076e81e63052fb2910e51a45faf3	ok
niklasf/shakmaty	HEAD	6a96078c4adb3f5da437465c716eef88c9a1dbe9	ok
gunyarakun/python-shogi	HEAD	a814cbff51b0703df2503ee59408fefd2e464ae5	ok
Disservin/fastchess	HEAD	60d7a7a26c6b0582a15c112fb29a1829bef2adb3	ok
HaChu (salsa.debian.org/debian/hachu)	HEAD	822d512180b7d94bb85a55f871445b30393f7f8a	ok
official-stockfish/Stockfish (file snapshot)	snapshot		snapshot_unversioned
yaneurao/YaneuraOu (file snapshot)	snapshot		snapshot_unversioned
mixed SPSA snapshots (akimbo, apeiron, fishutils, hobbes-chess-engine, Reckless, viridithas, YaneuraOu-ScriptCollection)	snapshot		snapshot_unversioned
