rank	minase_location	corpus_location	license	metric	class	reason_or_verdict
1	minase@all-refs:src/eval/mod.rs:18 [blob=5a42c77e3d05]	HaChu (salsa.debian.org/debian/hachu)@HEAD:hachu.c:195 [blob=37d21c4d392a]	LicenseRef-public-domain	scaled_reordered_subset len=27 ndist=19 scale=5/2 tier=strict	KNOWN	K4
2	minase@all-refs:src/eval/handcrafted.rs:20 [blob=e6ea5abdf7ac]	HaChu (salsa.debian.org/debian/hachu)@HEAD:hachu.c:195 [blob=37d21c4d392a]	LicenseRef-public-domain	scaled_reordered_subset len=27 ndist=19 scale=5/2 tier=strict	KNOWN	K4
3	minase@all-refs:tools/train/train_pst.py:27 [blob=b5278c822cb1]	HaChu (salsa.debian.org/debian/hachu)@HEAD:hachu.c:195 [blob=37d21c4d392a]	LicenseRef-public-domain	scaled_reordered_subset len=27 ndist=19 scale=5/2 tier=strict	KNOWN	K4
4	minase@all-refs:tools/train/pst/train_pst.py:31 [blob=48fc099ad74c]	HaChu (salsa.debian.org/debian/hachu)@HEAD:hachu.c:195 [blob=37d21c4d392a]	LicenseRef-public-domain	scaled_reordered_subset len=27 ndist=19 scale=5/2 tier=strict	KNOWN	K4
5	minase@all-refs:src/movegen/verification.rs:278 [blob=d4db976eb769]	Naviary2/apeiron@HEAD:src/attacks.rs:19 [blob=8026c515e89d]	GPL-3.0-only	multiset len=8 ndist=8 scale=1 tier=strict	FP	rules vocabulary: 8近傍方向ベクトル
6	minase@all-refs:src/movegen/verification.rs:278 [blob=d4db976eb769]	Naviary2/apeiron@HEAD:src/nnue/features.rs:386 [blob=2cdc0e7ad1f4]	GPL-3.0-only	multiset len=8 ndist=8 scale=1 tier=strict	FP	rules vocabulary: 8近傍方向ベクトル
7	minase@all-refs:src/movegen/verification.rs:278 [blob=d4db976eb769]	Naviary2/apeiron@HEAD:src/tiles/masks.rs:80 [blob=9dd39de86092]	GPL-3.0-only	multiset len=8 ndist=8 scale=1 tier=strict	FP	rules vocabulary: 8近傍方向ベクトル
8	minase@all-refs:src/movegen/verification.rs:278 [blob=d4db976eb769]	Naviary2/apeiron@HEAD:src/bin/gen_nnue_data.rs:490 [blob=2973f2d4877d]	GPL-3.0-only	multiset len=8 ndist=8 scale=1 tier=strict	FP	rules vocabulary: 8近傍方向ベクトル
9	minase@all-refs:src/movegen/verification.rs:278 [blob=d4db976eb769]	Naviary2/apeiron@HEAD:src/evaluation/mop_up.rs:182 [blob=775068ac964c]	GPL-3.0-only	multiset len=8 ndist=8 scale=1 tier=strict	FP	rules vocabulary: 8近傍方向ベクトル
10	minase@all-refs:src/movegen/verification.rs:278 [blob=d4db976eb769]	Naviary2/apeiron@HEAD:src/evaluation/variants/chess.rs:721 [blob=394d1e18001e]	GPL-3.0-only	multiset len=8 ndist=8 scale=1 tier=strict	FP	rules vocabulary: 8近傍方向ベクトル
11	minase@all-refs:src/movegen/verification.rs:278 [blob=d4db976eb769]	Naviary2/apeiron@HEAD:src/game.rs:628 [blob=ce5d7a415c05]	GPL-3.0-only	multiset len=8 ndist=8 scale=1 tier=strict	FP	rules vocabulary: 8近傍方向ベクトル
12	minase@all-refs:src/movegen/verification.rs:278 [blob=d4db976eb769]	u-tokyo-gps-tanaka-lab/shogilib@HEAD:src/research/kk.py:68 [blob=4c1114277898]	Apache-2.0	multiset len=8 ndist=8 scale=1 tier=strict	FP	rules vocabulary: 8近傍方向ベクトル
13	minase@all-refs:src/movegen/verification.rs:278 [blob=d4db976eb769]	SH11235/rshogi@HEAD:crates/rshogi-core/src/mate/tables.rs:305 [blob=a9d618e07c79]	GPL-3.0-or-later	multiset len=8 ndist=8 scale=1 tier=strict	FP	rules vocabulary: 8近傍方向ベクトル
14	minase@all-refs:src/search/tests.rs:4485 [blob=2b8a2e8aca12]	official-stockfish/fishtest@HEAD,b8eecff220b562a0dc2c4e68d1fa02521e06d72c:server/fishtest/static/js/spsa_new.js:18 [blob=a81fb95bebd7]	none	scaled_reordered_subset len=16 ndist=22 scale=177/100 tier=loose	FP	common numeric sequence / 部分集合の偶然一致(倍率付き並べ替え)
15	minase@all-refs:src/search/alphabeta/tests/tuning.rs:356 [blob=c2d9ecfed90d]	lightvector/KataGo@HEAD:cpp/tests/testnn.cpp:309 [blob=93918500bed4]	MIT	scaled_reordered_subset len=18 ndist=14 scale=50 tier=loose	FP	common numeric sequence / 部分集合の偶然一致(倍率付き並べ替え)
16	minase@all-refs:src/search/alphabeta/tests/tuning.rs:356 [blob=c2d9ecfed90d]	Yoshie2000/PlentyChess@HEAD:src/bitboard.h:30 [blob=d1080182b49f]	GPL-3.0-only	scaled_reordered_subset len=17 ndist=14 scale=50 tier=loose	FP	common numeric sequence / 部分集合の偶然一致(倍率付き並べ替え)
17	minase@all-refs:src/search/alphabeta/tests/tuning.rs:298 [blob=39c0f0a75a35]	LeelaChessZero/lc0@HEAD:src/syzygy/syzygy.cc:312 [blob=75bd302dea71]	GPL-3.0-or-later	scaled_reordered_subset len=18 ndist=13 scale=10 tier=loose	FP	common numeric sequence / 部分集合の偶然一致(倍率付き並べ替え)
18	minase@all-refs:src/search/alphabeta/tests/tuning.rs:311 [blob=c2d9ecfed90d]	deepmind/mctx@HEAD:mctx/_src/tests/seq_halving_test.py:49 [blob=c60265b98a95]	Apache-2.0	scaled_reordered_subset len=18 ndist=13 scale=10 tier=loose	FP	common numeric sequence / 部分集合の偶然一致(倍率付き並べ替え)
19	minase@all-refs:src/eval/mod.rs:18 [blob=5a42c77e3d05]	lightvector/KataGo@HEAD:cpp/core/bsearch.cpp:18 [blob=120361f881e9]	MIT	scaled_reordered_subset len=11 ndist=13 scale=125 tier=loose	FP	common numeric sequence / 部分集合の偶然一致(倍率付き並べ替え)
20	minase@all-refs:tools/train/pst/test_phase4.py:157 [blob=620ddd32e61e]	official-stockfish/Stockfish@sf_18:src/nnue/layers/affine_transform_sparse_input.h:41 [blob=5e0551f69637]	GPL-3.0-or-later	scaled_reordered_subset len=11 ndist=13 scale=111/25 tier=loose	FP	common numeric sequence / 部分集合の偶然一致(倍率付き並べ替え)
21	minase@all-refs:tools/train/pst/test_phase4.py:157 [blob=620ddd32e61e]	LeelaChessZero/lc0@HEAD:src/syzygy/syzygy.cc:295 [blob=75bd302dea71]	GPL-3.0-or-later	scaled_reordered_subset len=11 ndist=13 scale=111/25 tier=loose	FP	common numeric sequence / 部分集合の偶然一致(倍率付き並べ替え)
22	minase@all-refs:tools/train/pst/test_phase4.py:157 [blob=620ddd32e61e]	cosmobobak/viridithas@HEAD:src/nnue/geometry/avx2.rs:145 [blob=aad3f3d6aada]	AGPL-3.0-only	scaled_reordered_subset len=11 ndist=13 scale=111/25 tier=loose	FP	common numeric sequence / 部分集合の偶然一致(倍率付き並べ替え)
23	minase@all-refs:tools/train/pst/test_phase4.py:157 [blob=620ddd32e61e]	TadaoYamaoka/DeepLearningShogi@HEAD:cppshogi/common.hpp:170 [blob=be210185b1e8]	GPL-3.0-or-later	scaled_reordered_subset len=11 ndist=13 scale=111/25 tier=loose	FP	common numeric sequence / 部分集合の偶然一致(倍率付き並べ替え)
24	minase@all-refs:tools/train/pst/test_phase4.py:157 [blob=620ddd32e61e]	niklasf/shakmaty@HEAD:shakmaty-syzygy/src/table.rs:119 [blob=236992f20453]	GPL-3.0-or-later	scaled_reordered_subset len=11 ndist=13 scale=111/25 tier=loose	FP	common numeric sequence / 部分集合の偶然一致(倍率付き並べ替え)
25	minase@all-refs:tools/train/pst/test_phase4.py:157 [blob=620ddd32e61e]	cosmobobak/viridithas@HEAD:src/image.rs:16 [blob=408a5d0d928d]	AGPL-3.0-only	scaled_reordered_subset len=10 ndist=13 scale=49/50 tier=loose	FP	common numeric sequence / 部分集合の偶然一致(倍率付き並べ替え)
26	minase@all-refs:src/search/tests.rs:4454 [blob=0ac7a0d2dc12]	deepmind/mctx@HEAD:mctx/_src/tests/seq_halving_test.py:49 [blob=c60265b98a95]	Apache-2.0	scaled_reordered_subset len=17 ndist=12 scale=10 tier=loose	FP	common numeric sequence / 部分集合の偶然一致(倍率付き並べ替え)
27	minase@all-refs:src/search/tests.rs:4454 [blob=0ac7a0d2dc12]	Yoshie2000/PlentyChess@HEAD:src/bitboard.h:30 [blob=d1080182b49f]	GPL-3.0-only	scaled_reordered_subset len=16 ndist=12 scale=78/25 tier=loose	FP	common numeric sequence / 部分集合の偶然一致(倍率付き並べ替え)
28	minase@all-refs:src/eval/mod.rs:18 [blob=5a42c77e3d05]	cosmobobak/viridithas@HEAD:src/nnue/network.rs:1900 [blob=abde1a160ad0]	AGPL-3.0-only	scaled_reordered_subset len=10 ndist=12 scale=125 tier=loose	FP	common numeric sequence / 部分集合の偶然一致(倍率付き並べ替え)
29	minase@all-refs:src/search/alphabeta/tests/tuning.rs:311 [blob=c2d9ecfed90d]	Plaaasma/Claustrophobia@HEAD:tests/action_tests.rs:78 [blob=424e7cfde1ef]	MIT	scaled_reordered_subset len=9 ndist=12 scale=1/50 tier=loose	FP	common numeric sequence / 部分集合の偶然一致(倍率付き並べ替え)
30	minase@all-refs:src/search/alphabeta/tests/tuning.rs:311 [blob=c2d9ecfed90d]	Plaaasma/Claustrophobia@HEAD:tests/race_rulebook_tests.rs:307 [blob=cf03a211ee45]	MIT	scaled_reordered_subset len=9 ndist=11 scale=1/50 tier=loose	FP	common numeric sequence / 部分集合の偶然一致(倍率付き並べ替え)
31	minase@all-refs:src/search/alphabeta/tests/tuning.rs:356 [blob=c2d9ecfed90d]	niklasf/shakmaty@HEAD:shakmaty-syzygy/src/table.rs:90 [blob=236992f20453]	GPL-3.0-or-later	scaled_reordered_subset len=18 ndist=10 scale=50 tier=loose	FP	common numeric sequence / 部分集合の偶然一致(倍率付き並べ替え)
32	minase@all-refs:src/search/tests.rs:4454 [blob=0ac7a0d2dc12]	niklasf/shakmaty@HEAD:shakmaty-syzygy/src/table.rs:90 [blob=236992f20453]	GPL-3.0-or-later	scaled_reordered_subset len=16 ndist=10 scale=50 tier=loose	FP	common numeric sequence / 部分集合の偶然一致(倍率付き並べ替え)
33	minase@all-refs:src/eval/mod.rs:18 [blob=5a42c77e3d05]	LeelaChessZero/lczero-training@HEAD:csrc/utils/queue_test.cc:856 [blob=19520edde5aa]	GPL-3.0-or-later	scaled_reordered_subset len=9 ndist=10 scale=125 tier=loose	FP	common numeric sequence / 部分集合の偶然一致(倍率付き並べ替え)
34	minase@all-refs:src/search/alphabeta/tests/tuning.rs:311 [blob=c2d9ecfed90d]	kelseyde/hobbes-chess-engine@HEAD:src/tools/debug.rs:46 [blob=470186b1c3f5]	MIT	scaled_reordered_subset len=9 ndist=9 scale=1/100 tier=loose	FP	common numeric sequence / 部分集合の偶然一致(倍率付き並べ替え)
35	minase@all-refs:src/eval/mod.rs:18 [blob=5a42c77e3d05]	LeelaChessZero/lc0@HEAD:src/neural/onnx/builder.cc:43 [blob=e44b76898656]	GPL-3.0-or-later	scaled_reordered_subset len=8 ndist=9 scale=125 tier=loose	FP	common numeric sequence / 部分集合の偶然一致(倍率付き並べ替え)
36	minase@all-refs:src/eval/mod.rs:18 [blob=5a42c77e3d05]	SH11235/tatara@HEAD:crates/nnue-train/src/dataloader.rs:2076 [blob=4af2f42e14ae]	MIT	scaled_reordered_subset len=8 ndist=9 scale=125 tier=loose	FP	common numeric sequence / 部分集合の偶然一致(倍率付き並べ替え)
37	minase@all-refs:src/eval/mod.rs:18 [blob=5a42c77e3d05]	jw1912/bullet@HEAD:crates/compiler/src/tensor/operation/index/broadcast.rs:162 [blob=29fc96e64b8b]	MIT	scaled_reordered_subset len=13 ndist=8 scale=125 tier=loose	FP	common numeric sequence / 部分集合の偶然一致(倍率付き並べ替え)
38	minase@all-refs:src/eval/mod.rs:18 [blob=5a42c77e3d05]	jw1912/bullet@HEAD:crates/gpu/src/pointwise/generate.rs:561 [blob=926b2a8163a0]	MIT	scaled_reordered_subset len=12 ndist=8 scale=125 tier=loose	FP	common numeric sequence / 部分集合の偶然一致(倍率付き並べ替え)
39	minase@all-refs:src/eval/mod.rs:18 [blob=5a42c77e3d05]	SH11235/tatara@HEAD:bins/nnue_train/src/precision_diagnostics.rs:371 [blob=09279f687483]	MIT	scaled_reordered_subset len=10 ndist=8 scale=125 tier=loose	FP	common numeric sequence / 部分集合の偶然一致(倍率付き並べ替え)
40	minase@all-refs:src/eval/mod.rs:18 [blob=5a42c77e3d05]	jw1912/bullet@HEAD:crates/gpu/src/lib.rs:56 [blob=42721d526921]	MIT	scaled_reordered_subset len=8 ndist=8 scale=125 tier=loose	FP	common numeric sequence / 部分集合の偶然一致(倍率付き並べ替え)
41	minase@all-refs:src/eval/pst.rs:879 [blob=f8d670f49629]	SH11235/tatara@HEAD:crates/shogi-format/src/huffman_coded_pos.rs:287 [blob=a85577a4cc9f]	MIT	scaled_reordered_subset len=8 ndist=8 scale=37/100 tier=loose	FP	common numeric sequence / 部分集合の偶然一致(倍率付き並べ替え)
42	minase@all-refs:src/search/alphabeta/tests/tuning.rs:356 [blob=c2d9ecfed90d]	peterosterlund2/texel@HEAD:app/texelutil/spsa.cpp:107 [blob=201c1e4bcf73]	GPL-3.0-or-later	scaled_reordered_subset len=8 ndist=8 scale=1 tier=loose	FP	common numeric sequence / 部分集合の偶然一致(倍率付き並べ替え)
